stock_isin|yahoo_sector|yahoo_industry|yahoo_full_time_employees|yahoo_shares_outstanding
BMG9156K1018|Industrials|Marine Shipping||22220900
FR0014000T90|Financial Services|Shell Companies||37500000
FR0013341781|Technology|Computer Hardware|389|14225000
FR0010285965|Communication Services|Advertising Agencies|386|2240030
DK0060945467|Communication Services|Electronic Gaming & Multimedia|20|127996000
FR0000076887|Consumer Cyclical|Residential Construction|599|12893600
NL0000852564|Industrials|Specialty Industrial Machinery|14782|110580000
BE0974293251|Consumer Defensive|Beverages—Brewers|164000|1737180032
FR0010557264|Healthcare|Drug Manufacturers—Specialty & Generic|96|46543300
NO0010672181|Financial Services|Banks—Regional|31|1013910
FR0004040608|Financial Services|Asset Management|85|59268200
NO0003021909|Financial Services|Capital Markets|320|450004000
FR0013185857|Consumer Cyclical|Leisure|1344|7488730
NL0011540547|Financial Services|Banks—Diversified|19957|935892992
FR0012616852|Healthcare|Biotechnology|3|27672100
FR0012333284|Healthcare|Biotechnology|29|16755300
BE0974278104|Industrials|Waste Management|393|10568700
GB00BYWF9Y76|Healthcare|Biotechnology|72|100859000
NL0009767532|Consumer Cyclical|Leisure|3100|26836600
FR0000064602|Real Estate|REIT—Office|17|147124992
BE0003696102|Financial|Property Management|38|1262850048
FR0000120404|Consumer Cyclical|Lodging|15247|261856000
FR0014003PZ3|Financial Services|Shell Companies||
GB00BQQFX454|Basic Materials|Lumber & Wood Production|241|192760992
FR0010493510|Communication Services|Advertising Agencies|17|101564000
BE0003764785|Industrials|Engineering & Construction|22331|33152200
FR0000076861|Technology|Software—Application|91|3335960
FR0000076655|Consumer Cyclical|Auto Parts|3605|20084100
FR0014005OJ5|Healthcare|Biotechnology|21|10490700
FR0010979377|Technology|Computer Hardware||4438920
FR0000053076|Industrials|Rental & Leasing Services|88|2922630
BE0974269012|Real Estate|REIT—Residential|2|134780000
NO0010844038|Communication Services|Internet Content & Information|3826|1164989952
FR0013284627|Technology|Communication Equipment|33|2261980
FR0011184241|Healthcare|Biotechnology|127|7283870
FR0013247244|Real Estate|Real Estate Services|18|40906700
FR0010340141|Industrials|Airports & Air Services||98946400
FR0012821890|Communication Services|Advertising Agencies|59|6238200
CY0108052115|Industrials|Marine Shipping||23390300
FR0004152874|Financial Services|Capital Markets|267|12464500
FR0013296746|Healthcare|Biotechnology|32|9924490
NL0012969182|Technology|Software—Infrastructure||30957100
FR0000053043|Consumer Defensive|Beverages—Wineries & Distilleries|765|3835190
BE0003851681|Real Estate|REIT—Healthcare Facilities|105|36071100
NO0010626559|Utilities|Utilities—Renewable|2|66375900
NL0000303709|Financial Services|Insurance—Diversified|22000|1984940032
US00774B2088|Technology|Communication Equipment|32|9637050
NO0003078107|Industrials|Engineering & Construction|5413|106779000
FR0014005AC9|Basic Materials|Specialty Chemicals|33|25762000
FR0011908045|Industrials|Engineering & Construction||
FR0013333077|Healthcare|Medical Devices|47|18103000
FR0014005WE9|Consumer Cyclical|Auto & Truck Dealerships||1000000
BE0974264930|Financial Services|Insurance—Diversified|10236|185660000
BE0003755692|Industrials|Specialty Industrial Machinery|7457|160507008
NO0010872468|Industrials|Waste Management|80|77532896
ES0105478004|Real Estate|REIT—Diversified|10|9802360
FR0013452281|Utilities|Utilities—Renewable|17|3504320
FR0010641449|Consumer Defensive|Farm Products|769|221586000
FR0000031122|Industrials|Airlines|74415|641425984
NL0011794037|Consumer Defensive|Grocery Stores|410000|1011569984
IE00BF0L3536|Financial Services|Banks—Regional|9003|2714400000
FR0000120073|Basic Materials|Specialty Chemicals|64500|473646016
FR0013285103|Industrials|Aerospace & Defense||1156480
NO0010895568|Industrials|Electrical Equipment & Parts|131|171532000
IT0005450819|Financial Services|Asset Management|4|5700000
NL0000235190|Industrials|Aerospace & Defense|125888|785846016
FR0014003V77|Consumer Cyclical|Furnishings, Fixtures & Appliances||
NL0000018034|Communication Services|Entertainment|409|18333300
NO0010234552|Industrials|Conglomerates|1605|74287296
NO0010215684|Energy|Oil & Gas Equipment & Services|1954|271609984
NO0010886625|Healthcare|Drug Manufacturers—Specialty & Generic|551|87586096
NO0010345853|Energy|Oil & Gas E&P|1745|359336992
NO0010890304|Industrials|Pollution & Treatment Controls|26|604241984
NO0010936081|Basic Materials|Specialty Chemicals||687755008
NO0010921232|Financial Services|Asset Management|988|609736000
NO0010890312|Utilities|Utilities—Renewable|18|678728000
NO0010716582|Energy|Oil & Gas Equipment & Services|14888|484998016
FR0004180537|Technology|Information Technology Services|19237|30567400
SE0015193412|Basic Materials|Gold|34|42512600
NO0003097503|Industrials|Farm & Heavy Construction Machinery|1437|36324800
NL0013267909|Basic Materials|Specialty Chemicals|32700|187500000
FR0000053027|Consumer Cyclical|Auto Parts|10457|26735000
FR0000062465|Industrials|Consulting Services||42789900
FR0000060402|Utilities|Utilities—Renewable|558|31586100
FR0014000JX7|Communication Services|Broadcasting|118|4402820
FR0013258662|Industrials|Rental & Leasing Services|6700|403084992
GB00BJ9M4V82|Financial Services|Capital Markets|3|10529500
NL0012817175|Industrials|Electrical Equipment & Parts|621|21694600
GB00BNTJ3546|Financial Services|Asset Management|819|629425984
NL0010696704|Technology|Information Technology Services|73|11750900
FR0000053324|Consumer Cyclical|Leisure|5000|50340100
FR0013421286|Technology|Scientific & Technical Instruments|49|9503020
FR0010220475|Industrials|Railroads|70000|373392000
FR0000033219|Real Estate|REIT—Residential|1931|20095300
FR0000039216|Real Estate|Real Estate—Development|1457|1748450
FR0000071946|Technology|Information Technology Services|38500|33927600
IE00BLRPRP89|Utilities|Utilities—Renewable||26232300
FR0000061244|Industrials|Electrical Equipment & Parts|199|7756060
PTALT0AE0002|Basic Materials|Paper & Paper Products|765|205132000
FR0010395681|Financial Services|Asset Management||4159680
NL0012194724|Consumer Cyclical|Internet Retail|1|10945500
FR0013253812|Real Estate|Real Estate Services|15|8941320
GB00BNKGZC51|Healthcare|Health Information Services|150|22120000
NL0010273694|Consumer Defensive|Farm Products|653|597878016
NO0010272065|Industrials|Marine Shipping|3|60616500
NL0000888691|Basic Materials|Other Industrial Metals & Mining|3064|31594200
FR0011051598|Basic Materials|Agricultural Inputs|20|19256900
FR0012789667|Healthcare|Medical Instruments & Supplies|443|47969100
FR0004125920|Financial Services|Asset Management|4800|201900992
NL0000313286|Consumer Defensive|Food Distribution|1200|29595900
NO0010829765|Consumer Defensive|Farm Products|10|35929400
BE0003676872|Real Estate|Real Estate Services||158450
FR0014005AL0|Financial Services|Asset Management|112|172083008
KYG6096M1069|Healthcare|Biotechnology||13189000
LU0569974404|Basic Materials|Steel|9400|77900000
NO0010307135|Healthcare|Biotechnology|5|18386600
FR0010340711|Industrials|Security & Protection Services|18|1648860
NO0010715394|Energy|Oil & Gas Equipment & Services|922|95922600
FR0014003U94|Consumer Cyclical|Auto & Truck Dealerships|1800|71958800
NL0006237562|Industrials|Engineering & Construction|26027|87834200
LU1598757687|Basic Materials|Steel|168000|911414976
FR0000182479|Technology|Consumer Electronics|40|983393984
BMG0451H1170|Energy|Oil & Gas Drilling|4500|148734000
NO0010859580|Healthcare|Biotechnology|13|24299500
NO0010917719|Consumer Defensive|Farm Products|29|31876700
NO0010014632|Healthcare|Biotechnology|30|50371400
FR0013398997|Industrials|Specialty Industrial Machinery|51|4999660
FR0005057635|Services|Auto Dealerships||
NO0003572802|Utilities|Utilities—Renewable|2100|54886800
FR0010481960|Real Estate|REIT—Industrial|26|22585900
NO0010946593|Energy|Oil & Gas Equipment & Services|5|27441500
NL0010832176|Healthcare|Biotechnology|336|51515000
FR0010313833|Basic Materials|Specialty Chemicals|20600|73956896
NO0003108102|Technology|Information Technology Services|349|584902976
FR0012185536|Real Estate|Real Estate Services|52|4967700
FR0000074783|Communication Services|Publishing|46|6651520
FR0000076952|Technology|Computer Hardware|689|266200
BE0003856730|Real Estate|REIT—Retail|18|6595980
DK0060477263|Technology|Computer Hardware|167|25700000
BE0974289218|Healthcare|Biotechnology||21892600
FR0012968485|Financial Services|Insurance Brokers||2541200
NL0000334118|Technology|Semiconductor Equipment & Materials|2583|48509300
NL0010273215|Technology|Semiconductor Equipment & Materials|29025|406473984
IT0000062072|Financial Services|Insurance—Diversified|71860|1574759936
FR0000074148|Industrials|Engineering & Construction|7108|14788000
NL0011872643|Financial Services|Insurance—Diversified|4365|135700000
CH1122548808|Technology|Communication Equipment|51|37390000
FR0010478248|Communication Services|Electronic Gaming & Multimedia|26|301136000
NO0004822503|Technology|Information Technology Services|7521|111522000
FR0011992700|Technology|Communication Equipment|490|11220300
BE0003837540|Real Estate|Real Estate—Development|44|6725420
NO0010768500|Consumer Defensive|Farm Products|159|91048600
FR0000051732|Technology|Information Technology Services|96161|110548000
JE00B3DCF752|Real Estate|Real Estate Services|375|400508000
FR00140059B5|Financial Services|Asset Management||4754050
FR0000063737|Technology|Information Technology Services|6888|13196500
FR0011896463|Communication Services|Advertising Agencies|4|697164
BE0974334667|Technology|Communication Equipment|100|13017000
FR0013410370|Basic Materials|Gold|749|450657984
FR0000061780|Consumer Cyclical|Packaging & Containers|157|1415540
FR0000039232|Industrials|Waste Management|528|9502180
FR0013183589|Industrials|Business Equipment & Supplies|333|3928660
NO0011032310|Real Estate|Real Estate Services||
NO0006001601|Financial Services|Banks—Regional|58|3214180
NO0010073489|Consumer Defensive|Farm Products|6342|201824000
BMG0670A1099|Technology|Software—Infrastructure|528|3428539904
BMG067231032|Energy|Oil & Gas Integrated|7|76593104
NL0012047823|Basic Materials|Specialty Chemicals|167|25912200
FR0013529815|Technology|Communication Equipment|74|90313504
GB00B5LJSC86|Energy|Oil & Gas Drilling|120|54581500
NO0010607971|Industrials|Marine Shipping|7|132549000
FR0000120628|Financial Services|Insurance—Diversified|110278|2389769984
FR00140074K5|Financial|Property & Casualty Insurance|110278|
NO0010840515|Financial Services|Credit Services|1112|302144992
FR0011040500|Technology|Software—Application|1796|21284000
NO0010793243|Technology|Software—Application||110907000
IT0004812258|Industrials|Rental & Leasing Services||
BE0974400328|Basic Materials|Specialty Chemicals|2772|
PTAZR0AM0006|Industrials|Specialty Industrial Machinery||
MC0000031187|Consumer Cyclical|Resorts & Casinos|3810|24516700
FO0000000179|Consumer Defensive|Farm Products|1699|59074000
BE0974314461|Consumer Cyclical|Furnishings, Fixtures & Appliances|3741|35943400
NO0010810476|Real Estate|Real Estate Services|7|6673230
FR0013258399|Industrials|Specialty Industrial Machinery|145|33629600
NL0000337319|Industrials|Engineering & Construction|17966|273296000
ES0113211835|Financial Services|Banks—Diversified|110432|6539630080
ES0113900J37|Financial Services|Banks—Diversified|193303|17046099968
BE0003870871|Real Estate|Real Estate—Development|1|11249900
FR0000062788|Consumer Cyclical|Apparel Manufacturing|58|674650
IE00BD1RP616|Financial Services|Banks—Regional|9211|1079000064
BE0974362940|Technology|Electronic Components|3105|88849904
SGXZ33675836|Consumer Defensive|Farm Products|160|40370000
NL0011872650|Consumer Cyclical|Leisure|5628|66000000
BE0003674851|Real Estate|Real Estate Services||133150
FR0004023208|Consumer Cyclical|Residential Construction|797|16038400
FR0000035370|Healthcare|Medical Distribution|3039|7299270
FR0010436170|Basic Materials|Other Precious Metals & Mining|115|5350000
FR0000035305|Communication Services|Telecom Services|12|2184670
CH0451123589|Communication Services|Advertising Agencies|10|2108880
NL0012866412|Technology|Semiconductor Equipment & Materials|1615|77245600
CH1148983609|Consumer Cyclical|Specialty Retail||
BE0003661726|Real Estate|Real Estate Services||351900
BE0003678894|Real Estate|REIT—Office|106|27008400
BE0974258874|Industrials|Metal Fabrication|27000|57277400
FR0014003FE9|Consumer Cyclical|Specialty Retail|1370|95842896
FR0000121857|Consumer Defensive|Packaged Foods|12510|5200240
BE0020575115|Financial Services|Asset Management||315594
NO0003094104|Industrials|Marine Shipping|456|252748992
BE0003723377|Financial Services|Asset Management||1362460
PTSLB0AM0010|Consumer Cyclical|Leisure|270|23000000
FR0000035164|Consumer Cyclical|Leisure|7528|81545696
NO0010950249|Basic Materials|Specialty Chemicals|21|37340500
NO0010650013|Healthcare|Biotechnology|46|88455296
FR0000066961|Consumer Cyclical|Restaurants|125|1804260
NL0000339703|Consumer Cyclical|Furnishings, Fixtures & Appliances|496|27186600
NL0000285278|Real Estate|Real Estate Services|1|17057500
NO0010890965|Consumer Cyclical|Packaging & Containers|2003|156611008
FR0000120966|Consumer Defensive|Household & Personal Products|11246|44580800
FR0004174233|Communication Services|Advertising Agencies|271|4251530
FR0013345493|Industrials|Waste Management|124|10132900
FR0000074072|Technology|Consumer Electronics|1060|19521800
BE0974281132|Healthcare|Diagnostics & Research|484|57545700
NO0010955198|Consumer Defensive|Farm Products||13400000
FR0012788065|Healthcare|Medical Devices|67|4350880
FR0013280286|Healthcare|Diagnostics & Research|12800|118204000
FR0012816825|Healthcare|Biotechnology|24|129007000
FR0011005933|Healthcare|Diagnostics & Research|192|10292100
BE0974386188|Basic Materials|Agricultural Inputs|42|30020400
FR0013340973|Utilities|Utilities—Renewable||5500000
NO0010755101|Consumer Cyclical|Lodging|1|38890600
FR0000062150|Real Estate|REIT—Diversified||1124690
FR0011041011|Healthcare|Medical Devices|77|4588060
FR0011365907|Industrials|Specialty Industrial Machinery|49|769731
FR0000131104|Financial Services|Banks—Regional|190000|1234329984
FR0010106039|Consumer Cyclical|Apparel Manufacturing||3776000
US0970231058|Industrials|Aerospace & Defense|142000|587699008
FR0000061129|Healthcare|Drug Manufacturers—Specialty & Generic|3227|17515900
FR0000039299|Communication Services|Entertainment|76460|2932120064
FR0000063935|Consumer Defensive|Packaged Foods|10956|32058100
BE0974280126|Healthcare|Biotechnology|30|21310500
NO0003110603|Industrials|Conglomerates|2401|42531900
NO0003111700|Industrials|Building Products & Equipment|424|12724800
BMG1466R1732|Energy|Oil & Gas Drilling|418|136812000
NO0010657505|Basic Materials|Specialty Chemicals|1091|99585104
FR0000054421|Consumer Cyclical|Home Improvement Retail|566|6206420
NL0000852580|Industrials|Engineering & Construction|7484|129325000
GG00B1FQG453|Financial|Asset Management||29390900
FR0000074254|Financial Services|Capital Markets|111|54255600
FR0000120503|Industrials|Engineering & Construction|129000|379721984
NO0010360266|Technology|Information Technology Services|1833|103796000
BE0974268972|Industrials|Integrated Freight & Logistics|37911|200000992
BE0003008019|Financial Services|Banks—Regional|1702|400000
NO0010167331|Financial Services|Banks—Regional|58|94786704
KYG137071075|Financial Services|Shell Companies||
LU1068091351|Financial Services|Asset Management|5|29305600
KYG137071158|Financial Services|Shell Companies||
NL0000442523|Communication Services|Publishing|158|1874440
NL0010776944|Industrials|Staffing & Employment Services|9735|50401000
FR0006174348|Industrials|Consulting Services|78000|452372992
FR0000061137|Consumer Cyclical|Auto Parts|21481|1752990
BMG0702P1086|Energy|Oil & Gas E&P|100|257994000
SGXZ80461361|Industrials|Marine Shipping||159467008
NO0010947385|Industrials|Engineering & Construction|70|31510500
BMG1738J1247|Energy|Oil & Gas Equipment & Services|2000|180815008
BMG173841013|Industrials|Marine Shipping|2000|137175008
NO0003087603|Industrials|Building Products & Equipment|700|69819000
FR0000045544|Financial Services|Banks—Regional|1431|4577520
FR0013530102|Technology|Consumer Electronics|92|2514370
DK0061412772|Industrials|Marine Shipping|54|138574000
FR0010151589|Consumer Cyclical|Specialty Retail|894|9276000
FR0010781377|Industrials|Airports & Air Services||869558
IE00BWY4ZF18|Consumer Cyclical|Residential Construction|212|749932032
NO0010078850|Industrials|Waste Management|125|159952000
FR0000079659|Industrials|Railroads|1415|559735
BE0003825420|Industrials|Waste Management|185|1500000
BE0974298300|Financial Services|Asset Management||1076360
FR0012969095|Real Estate|Real Estate—Development|180|2191760
FR0000125338|Technology|Information Technology Services|289501|170996000
NO0010123060|Healthcare|Health Information Services||78617800
NO0010778095|Industrials|Marine Shipping|8|239760000
FR0011648716|Basic Materials|Specialty Chemicals|47|11171400
BE0974273055|Real Estate|REIT—Residential|20|26921900
FR0010907956|Healthcare|Medical Devices|139|15381500
FR0010828137|Real Estate|REIT—Retail|212|145728992
FR0000120172|Consumer Defensive|Grocery Stores|215834|766438016
FR0000064156|Real Estate|Real Estate Services||319109
FR0000125585|Consumer Defensive|Grocery Stores|202955|107941000
FR0000072894|Technology|Software—Application|334|17926100
FR0010193052|Consumer Cyclical|Leisure|329|30699900
FR0000064446|Industrials|Specialty Business Services|11702|7829100
US1491231015|Industrials|Farm & Heavy Construction Machinery||540942016
FR0014007LW0|Financial Services|Asset Management|10|19337000
FR0010193979|Real Estate|Real Estate—Diversified|99|35808500
FR0010717579|Technology|Software—Infrastructure|47|10022100
FR0000053506|Healthcare|Health Information Services|5524|13796300
FR0010425595|Healthcare|Biotechnology|272|45475300
BE0974260896|Healthcare|Biotechnology|87|22594000
FR0013178712|Industrials|Specialty Industrial Machinery|88|4487770
BE0974303357|Industrials|Electrical Equipment & Parts|2238|190163008
IT0005402034|Consumer Defensive|Education & Training Services|14|3751070
FR0013297165|Consumer Cyclical|Apparel Retail|25|2301740
IT0005398877|Consumer Defensive|Education & Training Services|14|2088550
FR0000037475|Real Estate|Real Estate Services||853673
BE0003883031|Industrials|Engineering & Construction|8000|25314500
MC0010000826|Financial Services|Banks—Regional|407|573000
FR0013181864|Energy|Oil & Gas Equipment & Services|3700|711638016
FR0000051567|Financial Services|Asset Management||62850
FR0000037871|Industrials|Railroads|7|27500
FR0000130692|Consumer Cyclical|Textile Manufacturing|2500|23961700
FR0000060907|Consumer Cyclical|Footwear & Accessories|24|480166
FR0010447086|Technology|Information Technology Services|471|0
BE0974370026|Technology|Software—Application||
US1667641005|Energy|Oil & Gas Integrated|47736|1927689984
FR0000130403|Consumer Cyclical|Luxury Goods|119243|180411008
FR0000054322|Technology|Computer Hardware|18|109898000
BE0003592038|Financial Services|Asset Management|1305|1677350
FR0000060428|Consumer Cyclical|Leisure|523|899042
FR0012384907|Industrials|Consulting Services|16|5000000
NO0010917594|Healthcare|Biotechnology|4|121380000
US17275R1023|Technology|Communication Equipment|79500|
FR0004152882|Industrials|Integrated Freight & Logistics|925|2287660
AU000000CSS3|Consumer Defensive|Farm Products||165352992
FR0013426004|Technology|Software—Application|794|45747900
NO0010876642|Utilities|Utilities—Renewable|10|235244992
NL0012747059|Technology|Software—Application|700|28739000
NL0010949392|Consumer Cyclical|Internet Retail|2|345209984
FR0000053399|Industrials|Waste Management|2792|2826950
FR0000120222|Financial Services|Insurance—Life|4950|686243968
BE0003519270|Consumer Defensive|Beverages—Brewers|456|75000
NO0010923121|Industrials|Pollution & Treatment Controls||
GB00BDCPN049|Consumer Defensive|Beverages—Non-Alcoholic|22000|456235008
FR0013257409|Technology|Electronic Components|336|38650
FR0010667147|Financial Services|Insurance—Reinsurance|3396|149032000
PTCFN0AE0003|Communication Services|Publishing|713|102566000
BE0003593044|Real Estate|REIT—Diversified|145|31656000
FR0013335742|Technology|Communication Equipment|311|8898050
FR0011071570|Basic Materials|Lumber & Wood Production|69|3426770
FR0004031763|Technology|Software—Application|82|5685580
BE0160342011|Basic Materials|Aluminum|118|2792080
FR0000121634|Industrials|Infrastructure Operations|59397|32641700
FR0010959684|Consumer Cyclical|Internet Retail|11|
BE0974256852|Consumer Defensive|Grocery Stores|32000|132902000
FR0000062234|Industrials|Conglomerates|76460|4244910
BE6252013725|Technology|Software—Infrastructure|4|2318960
PTCDU0AE0003|Industrials|Engineering & Construction|2300|1800000
FR0000077828|Technology|Information Technology Services||
FR00140007I9|Real Estate|Real Estate—Development||4000000
SE0014731154|Healthcare|Health Information Services|53|77367504
PTCPA0AP0006|Consumer Defensive|Farm Products|120|1000000
NL0010583399|Basic Materials|Specialty Chemicals|2352|59242800
NL0000200384|Energy|Oil & Gas Equipment & Services||46289600
FR0010035816|Consumer Cyclical|Furnishings, Fixtures & Appliances||
NL0015000DY3|Utilities|Utilities—Renewable|21|62018800
PTCOR0AE0006|Basic Materials|Lumber & Wood Production|4597|133000000
FR0004998318|Financial|Asset Management||
FR0000065393|Real Estate|Real Estate Services||72357
FR0000064578|Real Estate|REIT—Diversified|959|94334800
FR0000060303|Real Estate|REIT—Hotel & Motel|23|148132992
NO0010808892|Technology|Information Technology Services|2124|88029696
FR0000044323|Financial Services|Banks—Regional||721621
FR0000185506|Financial Services|Banks—Regional|2093|1267800
FR0010483768|Financial Services|Banks—Regional|2399|15457900
FR0000045213|Financial Services|Banks—Regional|1344|2267260
FR0010461053|Financial Services|Banks—Regional|2700|19761500
FR0000045239|Financial Services|Banks—Regional|1265|996785
FR0000045551|Financial Services|Banks—Regional|1073|1591320
FR0000185514|Financial Services|Banks—Regional|3009|16189200
FR0000044364|Financial Services|Banks—Regional|1836|3488240
FR0000045528|Financial Services|Banks—Regional|3879|8267310
FR0000045346|Financial Services|Banks—Regional|2131|647512
FR0000045304|Financial Services|Banks—Regional|1525|1063970
FR0000045072|Financial Services|Banks—Regional|72520|3025400064
BE0003836534|Technology|Communication Equipment|77|1697689984
IE0001827041|Basic Materials|Building Materials|77100|770662976
FR0011716265|Healthcare|Medical Instruments & Supplies|102|25874600
FR0000050395|Real Estate|Real Estate Services||10633000
KYG2581M1078|Financial Services|Shell Companies||15000000
FR0007317813|Industrials|Aerospace & Defense|2153|24495800
NO0010894512|Healthcare|Health Information Services|282|20967400
NL0015000DC9|Financial Services|Shell Companies||5121240
NL0000345577|Technology|Information Technology Services|430|13555200
BE0003463685|Consumer Defensive|Confectioners||440000
NL00150006R6|Real Estate|Real Estate—Development|394|397016992
PTCTT0AM0001|Industrials|Integrated Freight & Logistics|11189|150000000
FR0014004QR6|Consumer Cyclical|Leisure||46164200
NO0010015175|Technology|Computer Hardware|140|12885600
BE0974259880|Consumer Cyclical|Auto & Truck Dealerships|1607|53380500
FR0000077885|Technology|Software—Application||400000
FR0010404368|Industrials|Staffing & Employment Services|247|2541490
IE00BJMZDW83|Consumer Cyclical|Lodging|2685|222864992
FR0000185423|Consumer Cyclical|Apparel Retail|3289|11165600
FR0014004L86|Industrials|Aerospace & Defense|12441|83176896
FR00140078T7|Technology|Technical & System Software|20000|
FR0000120644|Consumer Defensive|Packaged Foods|98854|638086016
IE0000527006|Technology|Software—Application|140|131564000
FR0014003G01|Financial Services|Shell Companies||
FR0010417345|Healthcare|Biotechnology|92|54983400
FR0013066750|Industrials|Specialty Industrial Machinery|76|304236992
BE0003789063|Industrials|Building Products & Equipment|3827|136724992
NO0010955917|Energy|Oil & Gas Drilling||
FR0010879056|Healthcare|Biotechnology|50|30362100
FR0000054132|Consumer Cyclical|Auto Parts|3624|2628690
FR0000062978|Communication Services|Advertising Agencies|618|3950080
FR0011522168|Industrials|Aerospace & Defense|455|1225100032
FR0013283108|Consumer Cyclical|Footwear & Accessories|2704|
FR0000053381|Industrials|Waste Management|38154|159396992
NO0010963275|Basic Materials|Agricultural Inputs||40724600
DE0005557508|Communication Services|Telecom Services|216265|4986460160
FR0000060840|Consumer Cyclical|Apparel Manufacturing|198|299058
NL0009169515|Technology|Software—Application||11400300
GB0002374006|Consumer Defensive|Beverages—Wineries & Distilleries|27783|2326579968
FR0012202497|Healthcare|Medical Devices|128|16120600
BE0003698124|Real Estate|Real Estate Services||102000
GG00BMB5XZ39|Financial Services|Shell Companies||
BE0003605160|Real Estate|Real Estate Services||1250
NO0003055808|Basic Materials|Other Industrial Metals & Mining||57379000
NO0010161896|Financial Services|Banks—Regional||1550370048
NO0003921009|Energy|Oil & Gas E&P|1257|975433024
FR0010436584|Communication Services|Internet Content & Information|25|1999370
FR0000065260|Energy|Oil & Gas Refining & Marketing|44|97800
NO0010070063|Energy|Oil & Gas Equipment & Services|3800|316456000
FR0014004QZ9|Energy|Oil & Gas Equipment & Services|32|18895300
IE00BLRPQQ22|Consumer Defensive|Farm Products||2828790
NL0009197771|Industrials|Staffing & Employment Services|973|46968200
FR0013331212|Communication Services|Electronic Gaming & Multimedia|245|8400940
FR0013088606|Technology|Computer Hardware|40|368831008
NL00150000S7|Financial Services|Shell Companies||10992200
NL0000009827|Basic Materials|Specialty Chemicals|21173|174786000
FR0000052920|Basic Materials|Aluminum||1501450
LU0881232630|Energy|Oil & Gas E&P||14321300
FR0014004339|Utilities|Utilities—Renewable|14|5148770
DE000ENAG999|Utilities|Utilities—Diversified|71321|2607369984
NO0010607781|Utilities|Utilities—Renewable||6852210
NL0000345627|Technology|Software—Infrastructure|5|10550200
FR0007200100|Utilities|Utilities—Regulated Water|72|179200
HK0000038783|Financial Services|Shell Companies||1818300
FR0010536185|Services|Electronics Wholesale||
NL0015000CZ2|Consumer Cyclical|Auto Manufacturers|214|58042500
NO0010939804|Industrials|Specialty Business Services|2185|339177984
FR0013534617|Consumer Defensive|Food Distribution|33|3381690
BE0974313455|Technology|Information Technology Services|8895|184979008
NO0010936891|Technology|Software—Application|485|164250000
FR0011490648|Industrials|Waste Management|53|4439880
NO0010998529|Energy|Oil & Gas Equipment & Services||64314500
FR0010908533|Financial Services|Credit Services|8481|248699008
FR0010242511|Utilities|Utilities—Diversified|161203|3237740032
IT0005351504|Industrials|Specialty Business Services|782|8105470
FR0000052755|Communication Services|Publishing||
PTEDP0AM0009|Utilities|Utilities—Diversified|12185|3965680128
ES0127797019|Utilities|Utilities—Renewable|2099|960558016
FR0010945733|Utilities|Utilities—Renewable||1013320
NL00150006Z9|Financial Services|Shell Companies||36510000
NL0015000K10|Financial Services|Shell Companies||20000000
FR0000072373|Technology|Electronic Components|228|10346900
NO0010263023|Energy|Oil & Gas Equipment & Services|420|62150000
FR0011466069|Technology|Communication Equipment|432|25795600
FR0000130452|Industrials|Engineering & Construction|72700|96843400
BE0974380124|Utilities|Utilities—Regulated Water|42|14824000
FR0000031023|Utilities|Utilities—Renewable|316|7169390
FR0000035719|Financial Services|Asset Management|2|5694000
NO0010358484|Energy|Oil & Gas Equipment & Services|17|130970000
NO0010911902|Technology|Electronics & Computer Distribution|461|20732200
BE0003822393|Utilities|Utilities—Regulated Electric|2750|68728096
FR0011950732|Consumer Cyclical|Restaurants|98755|172324000
FR0012435121|Industrials|Specialty Business Services|45000|223942000
NO0010816093|Basic Materials|Specialty Chemicals|7000|633038016
NO0010722283|Technology|Software—Application|49|103842000
NO0010864036|Technology|Scientific & Technical Instruments|14|117404000
NO0011002586|Consumer Cyclical|Packaging & Containers|2132|269219008
FR0013356755|Consumer Cyclical|Specialty Retail|211|8332620
FR0004030708|Basic Materials|Specialty Chemicals|172|3043020
NO0010379779|Industrials|Conglomerates|478|1372640000
FR0013330792|Technology|Communication Equipment|90|6309780
FR0013399359|Technology|Software—Application|91|7244300
FR0011915339|Industrials|Specialty Industrial Machinery|34|8266350
IT0003132476|Energy|Oil & Gas Integrated|31495|3539760128
FR0010208488|Utilities|Utilities—Diversified||2420199936
FR0014004974|Industrials|Specialty Industrial Machinery||3981680
NO0010299068|Technology|Electronic Components|22|1746499968
FR0014004362|Utilities|Utilities—Renewable|50|14492700
NL0015000F82|Financial Services|Shell Companies||17500000
NO0010716418|Real Estate|Real Estate—Diversified|182|182056992
FR0010424697|Communication Services|Internet Content & Information|3|3540450
FR0000045122|Communication Services|Publishing||613813
FR0010278762|Technology|Scientific & Technical Instruments|787|1686540
NL0015000GX8|Industrials|Pollution & Treatment Controls|195|46051300
FR0010465534|Basic Materials|Lumber & Wood Production|73|2538000
KYG3166N1060|Financial Services|Shell Companies||366352000
NO0010096985|Energy|Oil & Gas Integrated|21245|3232120064
FR0000131757|Basic Materials|Other Industrial Metals & Mining|13000|28567400
FR0011471135|Healthcare|Biotechnology|196|31016100
NL00150006O3|Financial Services|Shell Companies||25000000
FR0004110310|Technology|Software—Application|1200|5717520
FR0000035818|Technology|Software—Application|800|5756500
NL0009272137|Healthcare|Medical Care Facilities|133|77247600
FR0000121667|Healthcare|Medical Instruments & Supplies|144888|442388000
FR0000120669|Energy|Oil & Gas Refining & Marketing|1746|12854600
PTESO0AM0000|Consumer Cyclical|Resorts & Casinos|940|11931100
FR0000061475|Real Estate|Real Estate Services||67653296
FR0010844001|Real Estate|Real Estate Services|16|7486710
FR0000121121|Financial Services|Asset Management|19715|76166200
FR0000054678|Basic Materials|Gold||62491300
FR0013240934|Healthcare|Medical Devices|168|11343200
GB00B94QM994|Financial Services|Asset Management||1857540
NL0015000K93|Real Estate|REIT—Retail|92|521470016
FR0013256518|Healthcare|Drug Manufacturers—General|195|5044
FR0014006O73|Healthcare|Medical Laboratories & Research|55000|
FR0014000MR3|Healthcare|Diagnostics & Research|55000|192035008
FR0010157115|Financial Services|Capital Markets||3021970
FR0000075343|Healthcare|Medical Devices|197|2978380
BE0003816338|Energy|Oil & Gas Midstream|3720|201678000
NL0006294274|Financial Services|Financial Data & Stock Exchanges|1405|106422000
FR0010490920|Communication Services|Entertainment|41|123041000
FR0012789949|Industrials|Rental & Leasing Services|8482|5007090176
FR0013514114|Industrials|Waste Management|95|53337600
DK0061414711|Utilities|Utilities—Renewable|45|78200000
NO0010735343|Consumer Defensive|Discount Stores|1992|160972992
FR0010221234|Technology|Communication Equipment|1132|230192000
FR0000035784|Financial Services|Asset Management||35412400
FR0000044745|Services|Apparel Stores||1266520
FR0004166197|Technology|Computer Hardware|351|5220820
BE0003820371|Technology|Communication Equipment|542|13401900
NO0010852213|Healthcare|Biotechnology|8|29992200
FR0014005DA7|Technology|Software—Infrastructure|2200|91476496
FR0004527638|Industrials|Farm & Heavy Construction Machinery|3546|6786420
BE0003808251|Energy|Oil & Gas Midstream|1625|57226700
ES0105029005|Technology|Software—Application|57|15074200
BE0003874915|Healthcare|Drug Manufacturers—Specialty & Generic|2712|72856496
PTFNV1AM0002|Industrials|Conglomerates|1912|2500000
FR0004034593|Consumer Cyclical|Apparel Retail|72|14526400
NL0013654809|Consumer Cyclical|Specialty Retail|73|17011700
FR0000121147|Consumer Cyclical|Auto Parts|104739|134748992
FR0000063034|Industrials|Railroads||250716
FR0000031973|Consumer Defensive|Household & Personal Products|3|113691
IE0003290289|Financial Services|Insurance—Property & Casualty|900|35052500
FR0012300424|Consumer Defensive|Packaged Foods||2519000
GB0031477770|Technology|Information Technology Services|3000|27809500
FR0013451333|Consumer Cyclical|Gambling|2687|190992000
FR0000062101|Consumer Cyclical|Resorts & Casinos|700|175182
FR0011271600|Healthcare|Biotechnology|63|39875300
FR0000061418|Industrials|Business Equipment & Supplies|668|2169230
FR0000060535|Real Estate|Real Estate Services|97|2414000
FR0011665280|Industrials|Aerospace & Defense|2546|31414200
FR0000062341|Real Estate|Real Estate Services|16|1911000
FR0000062507|Real Estate|Real Estate Services|16|10500
SN0000033192|Financial Services|Financial Conglomerates||650000
FR0000060824|Industrials|Conglomerates||19967500
FR0000035123|Consumer Defensive|Food Distribution|195481|5643100
CH0120879058|Financial Services|Insurance Brokers|42|3779600
FR0000038184|Real Estate|Real Estate Services|2|115343000
NO0010815673|Utilities|Utilities—Regulated Electric|330|114302000
FR0000074759|Consumer Defensive|Packaged Foods|3800|4176930
BMG359472021|Energy|Oil & Gas Midstream|9|53130600
PTFXD0AM0018|Financial Services|Asset Management|35|3701620
BE0003215143|Industrials|Conglomerates|2731|979494
NL0011279492|Financial Services|Capital Markets|603|43674000
BE0003847648|Consumer Defensive|Education & Training Services|49|2155050
IE00BWT6H894|Consumer Cyclical|Gambling|14802|175626000
NO0010931900|Industrials|Airlines|16|150000000
BE0974265945|Energy|Oil & Gas Midstream|783|70263504
FR0011476928|Consumer Cyclical|Specialty Retail|21663|26682900
BE0974332646|Consumer Cyclical|Apparel Retail|500|11200700
FR0013230067|Technology|Software—Application||
FR0012419307|Communication Services|Electronic Gaming & Multimedia|146|6207420
FR0000065930|Consumer Cyclical|Furnishings, Fixtures & Appliances|1|1600000
FR0013455482|Real Estate|REIT—Diversified|246|4371300
FR0000038499|Real Estate|Real Estate Services|205000|9376070
FR0010341032|Real Estate|REIT—Office||8455120
FR0000033409|Real Estate|REIT—Office|76|42751000
FR0011605617|Real Estate|Real Estate Services||19772200
FR0000053944|Real Estate|Real Estate Services|3|11032500
US3448491049|Consumer Cyclical|Apparel Retail|15791|100368000
CI0000053161|Industrials|Railroads|1415|141333
NL0011832811|Consumer Defensive|Farm Products|2502|93027296
FR0014005SB3|Industrials|Electrical Equipment & Parts|519|
BE0003752665|Consumer Defensive|Food Distribution|175|4981080
FR0013030152|Energy|Oil & Gas E&P|21|5163970
FR0010485268|Consumer Cyclical|Leisure|988|1666920
FR0013222346|Technology|Software—Infrastructure|1|
FR0010823724|Real Estate|Real Estate Services||29242700
FR0004187367|Industrials|Staffing & Employment Services|204|55485300
FR0010588079|Real Estate|REIT—Retail|85|28329700
BMG3682E1921|Energy|Oil & Gas Midstream|84|203531008
NO0010936792|Consumer Defensive|Farm Products|664|86348600
NL00150003E1|Energy|Oil & Gas Equipment & Services|9000|103190000
PTFCP0AM0008|Consumer Cyclical|Leisure|498|22499900
BE0003818359|Healthcare|Biotechnology|1319|65552700
FR0000053415|Industrials|Specialty Business Services||276600
FR0011100759|Consumer Defensive|Household & Personal Products|14|
FR0000030611|Real Estate|Real Estate—Diversified|48|30549100
PTGAL0AM0009|Energy|Oil & Gas Integrated|6114|829251008
US36467X2062|Consumer Cyclical|Gambling|460|96675600
FR0000124414|Consumer Cyclical|Packaging & Containers|1401|24279800
FR0000034894|Communication Services|Entertainment|227|3115070
FR0013495298|Consumer Cyclical|Auto Manufacturers|219|25791000
BE0003797140|Financial Services|Asset Management|48|148411008
NO0010262686|Industrials|Marine Shipping|8|86087296
FR0000053035|Industrials|Business Equipment & Supplies|173|1098910
FR0000079634|Technology|Software—Infrastructure|491|593436992
FR0010040865|Real Estate|REIT—Office|490|73714000
FR0010501692|Technology|Software—Application|741|22686700
FR0004163111|Healthcare|Biotechnology|122|49726600
CH0308403085|Healthcare|Biotechnology|17|22203500
BE0003740546|Real Estate|Real Estate Services||117000
FR0011799907|Healthcare|Diagnostics & Research|27|54097800
FR0004053510|Healthcare|Biotechnology|121|8194860
NO0010748866|Healthcare|Medical Devices|47|15422400
FR0013183985|Healthcare|Biotechnology|33|45919500
PTGVE1AE0009|Financial Services|Asset Management||
NL0000430106|Communication Services|Internet Content & Information|17|4242960
FR0010533075|Industrials|Railroads|3297|539318016
FR0000033888|Industrials|Specialty Industrial Machinery|664|769500
NO0011013765|Consumer Defensive|Farm Products||105556000
BE0003699130|Financial Services|Asset Management|89|26636600
NO0010582521|Financial Services|Insurance—Diversified|3710|499960000
FR0000066672|Industrials|Specialty Business Services|4079|29170900
IE0000669501|Consumer Defensive|Packaged Foods|7632|287168992
IE00BD6JX574|Consumer Cyclical|Residential Construction|300|771771008
PTPAD0AM0007|Technology|Information Technology Services|1100|86962896
FR0011052257|Utilities|Utilities—Diversified|40|11090100
NO0010886013|Utilities|Utilities—Regulated Electric||10100000
NO0010813843|Industrials|Marine Shipping||45673800
FR0011208693|Basic Materials|Other Precious Metals & Mining|5|2694460
NO0004913609|Industrials|Engineering & Construction|305|27154000
BMG396372051|Industrials|Marine Shipping|38|200436000
FR0013371507|Healthcare|Drug Manufacturers—Specialty & Generic||3325880
FR0010214064|Industrials|Waste Management|2724|3860470
FR0013204070|Consumer Cyclical|Auto & Truck Dealerships|742|5775640
IE00B1FR8863|Basic Materials|Other Industrial Metals & Mining|7|3577509888
FR0000065971|Basic Materials|Agricultural Inputs|414|1295200
FR0013406881|Basic Materials|Other Industrial Metals & Mining||30798800
NO0010907744|Basic Materials|Other Industrial Metals & Mining||12886400
IE00BF2NR112|Utilities|Utilities—Renewable||889888000
PTGNV0AM0001|Utilities|Utilities—Renewable||121376000
BE0003765790|Consumer Defensive|Food Distribution|9000|50022500
NO0010365521|Consumer Defensive|Farm Products|900|112314000
FR0014005ZM5|Industrials|Metal Fabrication|200|2000000
FR00140066X4|Technology|Computer Hardware||6358310
NO0010636491|Financial Services|Banks—Regional|60|2972480
FR00140069V2|Basic Materials|Specialty Chemicals|145|17685000
FR0000076960|Financial Services|Banks—Regional||
FR0014003RM7|Industrials|Specialty Business Services||
FR0000036675|Industrials|Staffing & Employment Services|7356|
FR0014004X25|Consumer Cyclical|Restaurants|2192|7651570
FR0000062671|Technology|Scientific & Technical Instruments|1912|17109000
FR0012819381|Consumer Cyclical|Packaging & Containers|2976|18485200
FR0000124232|Financial Services|Asset Management|44|2894450
FR0004010338|Consumer Cyclical|Apparel Manufacturing|45|3560940
FR0004050300|Technology|Information Technology Services|3500|8071080
FR0000075442|Technology|Electronics & Computer Distribution|1000|6061600
FR0012612646|Consumer Cyclical|Resorts & Casinos|4100|9613970
FR0004155000|Industrials|Specialty Industrial Machinery|4000|93278704
FR0013429404|Technology|Scientific & Technical Instruments|125|3296120
FR0014000RP6|Real Estate|Real Estate Services|10|1325880
FR0011726835|Energy|Oil & Gas Equipment & Services|531|36887600
LU1840650458|Consumer Defensive|Farm Products||40000000
FR0000032526|Healthcare|Medical Devices|2635|12629200
FR0000066722|Technology|Computer Hardware|182|15260800
NO0004288200|Communication Services|Publishing|1739|2307130
CA4433003064|Utilities|Utilities—Regulated Water|750|85286896
BMG4233B1090|Industrials|Marine Shipping|1997|363158016
BMG455841020|Financial Services|Asset Management|23673|86682096
GB00BMDXQ672|Financial Services|Asset Management|2|318564
GB00BK7YQK64|Real Estate|REIT—Retail|518|4411769856
BE0974352842|Industrials|Specialty Industrial Machinery|1109|10657800
NO0010921299|Technology|Software—Infrastructure||173200000
NO0010931918|Industrials|Marine Shipping|142|34919600
FR0000066755|Industrials|Farm & Heavy Construction Machinery|1600|29529000
NO0010257728|Industrials|Marine Shipping|427|23776300
NO0010708605|Industrials|Aerospace & Defense|490|24726000
FR0013251584|Healthcare|Diagnostics & Research||5059560
FR0014003VY4|Utilities|Utilities—Renewable||13711500
IE00014QAJZ5|Healthcare|Health Information Services|50|16812000
KYG4406A1022|Financial Services|Shell Companies||46000000
KYG4406A1287|Financial Services|Shell Companies||
NL0009269109|Industrials|Engineering & Construction|4639|21933500
NL0000009165|Consumer Defensive|Beverages—Brewers|80000|575740032
NL0000008977|Consumer Defensive|Beverages—Brewers|80000|287750016
FR0000066540|Basic Materials|Building Materials|2300|2806420
FR0000052292|Consumer Cyclical|Luxury Goods|16966|104644000
NO0003067902|Consumer Cyclical|Packaging & Containers|1060|200652000
NO0010904923|Industrials|Industrial Distribution|254|233536992
FR0004159473|Consumer Cyclical|Residential Construction|2211|6845990
IE00BGHQ1986|Real Estate|REIT—Office|35|661811008
FR0000054231|Communication Services|Advertising Agencies|578|20547000
FR0000077562|Industrials|Specialty Industrial Machinery|865|9173120
FR0012821916|Technology|Software—Infrastructure|238|4954970
FR0010396309|Technology|Information Technology Services|21|1643480
DE000A11Q133|Industrials|Aerospace & Defense|1042|27600000
FR0000051302|Financial|Mortgage Investment||
NO0011082075|Industrials|Marine Shipping|1712|190770000
FR0013451044|Basic Materials|Building Materials|29|14593600
NO0010598683|Healthcare|Biotechnology|49|357825984
NL0000440311|Basic Materials|Specialty Chemicals|430|860351
CH0012214059|Basic Materials|Building Materials|67409|611712000
FR0012336691|Industrial Goods|Residential Construction||553850
BE0003760742|Real Estate|REIT—Residential|41|3288680
FR0010312181|Communication Services|Advertising Agencies|56|720957
FR0014000U63|Consumer Cyclical|Auto Manufacturers||12795400
FR0000065278|Communication Services|Advertising Agencies|617|2615120
NO0010917339|Basic Materials|Specialty Chemicals|17|15850300
GB00BYYN4225|Consumer Cyclical|Travel Services|244|116321000
FR0006226791|Consumer Cyclical|Lodging||61824
FR0000053738|Consumer Cyclical|Lodging||970513
FR0006563904|Consumer Cyclical|Lodging|66|58680
FR0004165801|Consumer Cyclical|Lodging|361|7386980
NO0010781818|Technology|Software—Application|145|57099600
NO0010859648|Technology|Software—Application|30|119302000
NO0010776990|Technology|Communication Equipment|71|216028000
ANN4327C1220|Consumer Cyclical|Furnishings, Fixtures & Appliances|23000|34790000
NO0010283211|Energy|Oil & Gas Equipment & Services|4|564118976
FR0004153930|Healthcare|Biotechnology||253680000
FR0000064735|Industrials|Specialty Industrial Machinery|48|69755
NL0009391242|Industrials|Farm & Heavy Construction Machinery|1206|1292790
FR0005843125|Industrials|Engineering & Construction|4|123000
FR0014001PM5|Consumer Cyclical|Specialty Retail|38|15160900
NO0010892359|Industrials|Specialty Industrial Machinery|10|58028200
BE0974363955|Healthcare|Biotechnology|8|25832600
NO0010920945|Consumer Cyclical|Specialty Retail||55841000
NO0010012636|Financial Services|Banks—Regional|32|687900
FR0014005IU4|Healthcare|Medical Instruments & Supplies|29|292162
FR0014004J15|Financial Services|Shell Companies||
FR0005854700|Industrials|Electrical Equipment & Parts|70|1738920
BE0003766806|Healthcare|Medical Devices|1512|29413100
PTIBS0AM0008|Consumer Cyclical|Restaurants|9198|34603900
US4592001014|Technology|Information Technology Services|345900|731593024
NO0010884794|Consumer Defensive|Farm Products|51|54000000
FR0000035081|Real Estate|REIT—Diversified|1134|75692000
NO0010734742|Communication Services|Telecom Services|261|202016992
NO0010724701|Consumer Defensive|Farm Products|119|30961900
FR0010929125|Industrials|Specialty Business Services|23515|5669550
NO0003070609|Technology|Software—Application|98|1010390016
FR0000051393|Financial Services|Asset Management||7001600
FR0000079691|Technology|Software—Application||4796390
FR0000062184|Financial Services|Capital Markets|15|494766
BE0003748622|Real Estate|Real Estate—Development|38|8806790
NL0010556726|Financial Services|Asset Management|22|3661110
FR0000030827|Technology|Software—Application|367|1299950
FR00140048X2|Healthcare|Medical Devices||9708730
IT0005380602|Communication Services|Entertainment|120|
FR0010086371|Communication Services|Publishing||4472300
NL0010801007|Basic Materials|Specialty Chemicals|3516|56897800
FR0000120859|Basic Materials|Building Materials|16168|84575600
FR0006859039|Real Estate|Real Estate Services||
BE0974287196|Real Estate|Real Estate Services||28500
FR0013060100|Technology|Software—Application|38|1266920
BE0003893139|Real Estate|Real Estate Services||462124
FR0000033243|Real Estate|REIT—Diversified|9|6729720
BE0003599108|Real Estate|Real Estate—Development|200|9970390
FR0013470168|Healthcare|Medical Devices|29|7645660
PTGPA0AP0007|Industrials|Engineering & Construction||1976380
PTIPR0AM0000|Communication Services|Broadcasting|845|168000000
ES0105590006|Consumer Cyclical|Leisure||8697110
FR0000065773|Communication Services|Publishing|185|842040
PTINA0AP0008|Basic Materials|Paper & Paper Products|1709|526225984
BE0974374069|Real Estate|Real Estate Services|9|7187560
FR0000066219|Industrials|Engineering & Construction|576|1172650
FR0011158823|Technology|Software—Infrastructure||667639
NO0010536048|Healthcare|Health Information Services|18|13260000
FR0000071797|Technology|Information Technology Services|1720|6818620
NL0011821202|Financial Services|Banks—Diversified|57000|3775739904
FR0010331421|Healthcare|Biotechnology|212|79310896
FR0000064297|Technology|Electronics & Computer Distribution|93|2785620
IT0005391161|Financial Services|Asset Management||9807980
LU2290522684|Industrials|Specialty Business Services||500000000
NO0010593544|Financial Services|Insurance—Property & Casualty|77|148167008
NO0010762792|Financial Services|Banks—Regional|34|332641984
FR0000060451|Basic Materials|Aluminum|459|282134
NO0010955883|Utilities|Utilities—Renewable||17600700
FR0010908723|Healthcare|Biotechnology|50|6661450
FR0014003FN0|Real Estate|Real Estate Services||
US4581401001|Technology|Semiconductors|121100|4067000064
NO0010284318|Energy|Oil & Gas E&P|53|182162000
FR0004024222|Consumer Defensive|Household & Personal Products|291|56968300
NL0010937058|Financial Services|Asset Management|4091|89685800
BE0003746600|Real Estate|REIT—Diversified|45|26300900
FR0000064958|Consumer Cyclical|Apparel Manufacturing||1012000
FR0011179886|Healthcare|Health Information Services|45|31297400
FR0013233012|Healthcare|Biotechnology|100|40742700
BE6200101556|Communication Services|Advertising Agencies||
BE0974299316|Communication Services|Advertising Agencies|4|3435410
FR0010259150|Healthcare|Drug Manufacturers—Specialty & Generic|5700|82501104
FR0000073298|Industrials|Consulting Services|17166|44030100
FR00140078W1|||17166|
IE00BJ34P519|Real Estate|REIT—Residential|65|529454016
ES0109429037|Communication Services|Advertising Agencies|486|14891300
FR0000072597|Technology|Information Technology Services|684|1636620
IT0005336521|Industrials|Electrical Equipment & Parts|1|3823190
NO0010001118|Technology|Information Technology Services|622|80549600
FR0004026151|Technology|Software—Infrastructure|180|5782480
PTJMT0AE0001|Consumer Defensive|Food Distribution|99296|628433984
FR0012872141|Consumer Defensive|Household & Personal Products|1860|14815800
FR0000033904|Basic Materials|Steel|2918|22996400
FR0000077919|Communication Services|Advertising Agencies|10230|212791008
NL0014332678|Consumer Defensive|Packaged Foods|19000|501951008
BE0003858751|Industrials|Specialty Industrial Machinery|1253|7819000
BMG5137R1088|Industrials|Marine Shipping|67|109259000
NL0012015705|Consumer Cyclical|Internet Retail|10585|212620992
FR0010680033|Basic Materials|Oil & Gas Equipment & Services||
NO0010823131|Technology|Software—Application|415|486580992
NO0010359433|Financial Services|Banks—Regional|61|4932520
FR0010722819|Technology|Semiconductors|91|5707600
NO0010874597|Consumer Defensive|Farm Products|107|209355008
FR0004007813|Consumer Cyclical|Residential Construction|778|21713000
BE0003565737|Financial Services|Banks—Regional||416883008
BE0003867844|Financial Services|Asset Management||78301296
NL0000852531|Consumer Cyclical|Auto Parts|2765|14841100
IE00BDC5DG00|Basic Materials|Other Industrial Metals & Mining|1503|94922000
FR0000121485|Consumer Cyclical|Luxury Goods|33134|124068000
FR0013156007|Technology|Software—Infrastructure|84|7378100
IE0004906560|Consumer Defensive|Packaged Foods|26000|176848000
FR0004029411|Technology|Information Technology Services|2638|15880400
BE0003880979|Technology|Software—Infrastructure|63|22516600
NO0010743545|Consumer Cyclical|Specialty Retail|778|40645200
BE0974274061|Communication Services|Entertainment|1215|26884300
IE0004927939|Industrials|Building Products & Equipment|15500|181378000
NO0003079709|Industrials|Electrical Equipment & Parts|1764|197014000
FR0013374667|Consumer Defensive|Farm Products||109350000
FR0011038348|Communication Services|Advertising Agencies|9|3313590
NO0010833262|Industrials|Marine Shipping|6|52331900
FR0000121964|Real Estate|REIT—Retail|1040|285224992
NO0010360175|Real Estate|Real Estate Services|7|281872000
GB00B19RTX44|Technology|Software—Application|3|7601660
NO0011016040|Consumer Cyclical|Internet Retail|647|72255200
NO0010694029|Financial Services|Banks—Regional|149|187136992
ES0105425005|Basic Materials|Specialty Chemicals|81|12028300
NO0003043309|Industrials|Aerospace & Defense||178214000
NO0003033102|Consumer Cyclical|Auto Parts|11000|1051139968
FR0010386334|Healthcare|Medical Care Facilities||104466000
NL0000009082|Communication Services|Telecom Services|9776|4129159936
NO0010815103|Financial Services|Banks—Regional|35|42000000
FR0013419876|Consumer Cyclical|Internet Retail|50|2847310
NO0010936750|Industrials|Specialty Industrial Machinery|9|8420570
FR0000120321|Consumer Defensive|Household & Personal Products|85392|557672000
NL0012191662|Consumer Cyclical|Apparel Manufacturing|1098|105111000
FR0000066607|Technology|Scientific & Technical Instruments|4225|4682180
FR0000130213|Consumer Cyclical|Travel Services|28000|139974000
FR0004027068|Consumer Defensive|Beverages—Wineries & Distilleries||7099070
FR0013308582|Technology|Electronics & Computer Distribution|38|3550300
FR0000032278|Industrials|Aerospace & Defense|4172|530852992
FR0006864484|Consumer Defensive|Beverages—Wineries & Distilleries|403|5923170
NL0010545679|Financial Services|Shell Companies||5364660
FR0000075673|Consumer Cyclical|Footwear & Accessories|572|12144200
FR0013204336|Consumer Defensive|Packaged Foods|23438|17574400
FR0000121295|Financial Services|Asset Management|536|1141850
FR0000065484|Technology|Software—Application|2400|37709800
FR0010307819|Industrials|Specialty Industrial Machinery|36726|266748992
FR0014003I41|Real Estate|Real Estate Services||45600300
NO0003096208|Consumer Defensive|Packaged Foods|5000|595475968
FR0007080254|Consumer Cyclical|Lodging|257|2372470
FR0000033599|Consumer Cyclical|Leisure|59|7763320
NO0010591191|Healthcare|Medical Devices||97984096
FR0004156297|Technology|Software—Application|1082|6376460
NO0010894231|Communication Services|Telecom Services|723|294252000
PTLIG0AE0002|Industrials|Specialty Business Services|123|185308992
PTLIT0AE0005|Industrials|Specialty Business Services||487899
FR0000050353|Industrials|Aerospace & Defense|9363|52934600
ES0105089009|Communication Services|Telecom Services|99|15427000
FR0004170017|Healthcare|Medical Care Facilities|7039|9624420
FR0004155208|Technology|Information Technology Services|59|
FR0000044943|Technology|Computer Hardware|20|8647120
FR0006205019|Consumer Defensive|Beverages—Wineries & Distilleries||0
BE0003604155|Consumer Defensive|Packaged Foods|2155|811903
NL0010998878|Consumer Defensive|Beverages—Wineries & Distilleries|62|12477300
FR0011884378|Industrials|Electrical Equipment & Parts|67|14928800
FR0000038242|Healthcare|Diagnostics & Research|870|22192400
BE6201089735|Industrials|Specialty Business Services|27|1817030
FR0000121014|Consumer Cyclical|Luxury Goods||503545984
NO0010405780|Healthcare|Biotechnology|7|38739000
FR0013233475|Healthcare|Biotechnology|22|16797500
NO0010976343|Industrials|Pollution & Treatment Controls|15|28000000
FR0000060196|Real Estate|REIT—Diversified|4|43621500
FR0013270626|Technology|Information Technology Services|251|5005550
FR0012634822|Healthcare|Biotechnology|37|9883800
FR0010328302|Technology|Scientific & Technical Instruments||1281650
FR0010812230|Communication Services|Advertising Agencies|52|18597000
FR0010827741|Technology|Software—Application||
NO0010187032|Utilities|Utilities—Renewable|20|56996500
NO0010663669|Energy|Oil & Gas Equipment & Services|325|267722000
FR0011092089|Consumer Cyclical|Luxury Goods||
FR0000061657|Real Estate|REIT—Office||193521
FR0013153541|Consumer Cyclical|Home Improvement Retail|7143|44001800
LU2382956378|Industrials|Specialty Business Services|63857|100000000
FR0000072993|Communication Services|Advertising Agencies|85|48941300
ES0105463006|Communication Services|Advertising Agencies|282|7062300
IE00BVGC3741|Healthcare|Biotechnology|255|43634600
FR0000030074|Consumer Defensive|Beverages—Brewers|103|495984
FR0000038606|Industrials|Specialty Industrial Machinery|4264|38267200
FR0000032302|Industrials|Specialty Business Services|1985|7596380
ES0105447009||||5810370
US5658491064|Energy|Oil & Gas E&P|1672|778537024
FR0013400835|Industrials|Staffing & Employment Services|402|7574970
IS0000000388|Industrials|Specialty Industrial Machinery|6800|753988992
MA0000011488|Communication Services|Telecom Services|10242|878851968
PTMFR0AM0003|Industrials|Engineering & Construction|1440|97784096
FR0004155687|Consumer Defensive|Household & Personal Products|32|23188900
NO0010974983|Consumer Defensive|Farm Products|116|122508000
FR0010609263|Healthcare|Medical Devices|99|41911000
FR0000051070|Energy|Oil & Gas E&P|519|196752992
FR0000060873|Consumer Defensive|Beverages—Wineries & Distilleries|665|111813000
FR0011742329|Industrials|Specialty Industrial Machinery|134|27863300
FR0010844464|Healthcare|Biotechnology||4365340
BE0003844611|Healthcare|Diagnostics & Research|177|155968992
FR0000064404|Industrials|Business Equipment & Supplies|487|2628080
PTGMC0AM0003|Communication Services|Entertainment|1100|84513200
IT0005380438|Communication Services|Internet Content & Information||1993430
FR0011049824|Healthcare|Diagnostics & Research|155|15428600
IT0005324105|Healthcare|Health Information Services|10|2370000
FR0004065605|Healthcare|Biotechnology|140|24870900
NL00150003D3|Communication Services|Advertising Agencies||303247008
NO0010159684|Healthcare|Medical Devices|120|18337300
BE0165385973|Technology|Semiconductors|1500|40400000
NO0006001908|Financial Services|Banks—Regional|62|2776220
FR0010298620|Technology|Semiconductor Equipment & Materials|63|7476900
NO0010307143|Technology|Software—Application|698|502664000
FR0010241638|Real Estate|REIT—Retail|123|93406496
US58933Y1055|Healthcare|Drug Manufacturers—General|73000|2525939968
ES0105025003|Real Estate|REIT—Diversified|220|466884992
FR0000039620|Industrials|Electrical Equipment & Parts|6866|20777100
FR0004177046|Basic Materials|Chemicals|464|43763900
FR0010492181|Industrials|Specialty Industrial Machinery||
FR0011217710|Utilities|Utilities—Diversified||1993600
BE0974328602||||2050000
FR0010204453|Industrials|Security & Protection Services|93|5160050
FR0000053225|Communication Services|Broadcasting|1680|126269000
FR0010353888|Industrials|Specialty Business Services|209|6183300
FR0000121261|Consumer Cyclical|Auto Parts|117540|178530000
FR0000077570|Technology|Information Technology Services|1101|27907600
US5949181045|Technology|Software—Infrastructure|181000|7507979776
FR0010500363|Financial Services|Financial Data & Stock Exchanges||10900800
BE0003731453|Consumer Defensive|Packaged Foods|1084|1242000
FR0013053535|Consumer Cyclical|Furnishings, Fixtures & Appliances|54|5385580
IE00BD64C665|Industrials|Tools & Accessories|567|212472000
FR0004172450|Communication Services|Telecom Services|43|5856340
NO0010895022|Industrials|Staffing & Employment Services|110|185932992
BE0974283153|Healthcare|Drug Manufacturers—Specialty & Generic|300|43737100
NL0009312842|Technology|Software—Application||41400000
FR00140050Q2|Consumer Cyclical|Leisure|300|2510980
GB00BY7QYJ50|Financial Services|Asset Management|37|153000000
FR0000076986|Financial Services|Asset Management||182871
FR0010882886|Financial Services|Asset Management||11774200
BE0003853703|Real Estate|REIT—Industrial|33|16215500
NL0000488161|Financial Services|Asset Management||2181
NL0000488153|Financial Services|Asset Management||94096
CWN814651014|Industrials|Staffing & Employment Services||9049780
PTMEN0AE0005|Industrials|Engineering & Construction|15529|300684000
GB00BMXH3352|Technology|Software—Application|228|37000000
FR0011033083|Basic Materials|Lumber & Wood Production|200|3026610
BE0003602134|Industrials|Engineering & Construction|234|393821
NO0003054108|Consumer Defensive|Farm Products|11684|517111008
NO0010791353|Industrials|Marine Shipping|21|443700000
NL0015268814|Utilities|Utilities—Renewable||22250000
FR0004034320|Consumer Cyclical|Home Improvement Retail|490|10236400
FR0012990968|Technology|Scientific & Technical Instruments||14036600
NO0010734338|Industrials|Engineering & Construction|3183|27026500
DE0008430026|Financial Services|Insurance—Reinsurance|39341|140099008
FR0000037970|Communication Services|Entertainment|42|503264
FR0013462231|Technology|Software—Infrastructure|56|7825460
FR0013482791|Communication Services|Electronic Gaming & Multimedia|700|86227400
NL0015000CG2|Financial Services|Shell Companies||1250000
FR0014003J32|Technology|Software—Application|39|3786760
FR0011341205|Healthcare|Biotechnology|98|34825900
NO0010205966|Healthcare|Medical Distribution|30|16345700
DK0060520450|Technology|Communication Equipment|77|83075104
FR0013018041|Consumer Cyclical|Auto Manufacturers|280|38275300
NL0000371243|Technology|Electronic Components|772|6468340
NO0003049405|Industrials|Specialty Industrial Machinery|54|106486000
NO0010081235|Industrials|Specialty Industrial Machinery|497|1460400000
FR0004157543|Communication Services|Telecom Services|16|1527810
FR0011675362|Utilities|Utilities—Renewable|232|106858000
FR0011636083|Consumer Cyclical|Furnishings, Fixtures & Appliances|17|52377600
FR0004032746|Healthcare|Biotechnology|18|19909099520
IM00BDD7WV31|Real Estate|Real Estate—Diversified||608995008
FR0004154060|Technology|Communication Equipment|78|30721100
GB00BF2PG875|Energy|Oil & Gas E&P||43565800
BE0003680916|Real Estate|Real Estate Services||363250
NL0009822014|Utilities|Utilities—Renewable||59751100
FR0004050250|Technology|Information Technology Services|5663|24221900
NL0000440618|Technology|Electronic Components|2325|12218600
BE0003832491|Consumer Defensive|Confectioners||1395350
FR0000044448|Industrials|Electrical Equipment & Parts|25000|43664800
FR0010112524|Real Estate|Real Estate—Diversified|11479|55231300
PTNEX0AM0002|Real Estate|Real Estate Services||13124200
NO0010629108|Technology|Scientific & Technical Instruments|29|91680800
FR0004171346|Communication Services|Advertising Agencies|210|34594400
BE0003770840|Real Estate|REIT—Office||9994520
FR0012789386|Financial Services|Asset Management||2080410
FR0014003XT0|Healthcare|Biotechnology||5234610
FR0012650166|Industrials|Specialty Industrial Machinery|179|25533700
FR0013018124|Healthcare|Biotechnology|34|43138200
NO0010733082|Financial Services|Banks—Regional|21|1127780
NL0010773842|Financial Services|Insurance—Diversified|11792|305694016
FI0009000681|Technology|Communication Equipment||5634549760
NO0010856511|Technology|Scientific & Technical Instruments|400|58459300
NO0010892912|Consumer Defensive|Farm Products||17031100
NO0011002651|Healthcare|Health Information Services|250|45000000
DK0061414638|Consumer Defensive|Farm Products|15|10284000
NO0003058109|Consumer Defensive|Farm Products|35|29169200
NO0010597883|Healthcare|Biotechnology|40|98078400
NO0010317340|Basic Materials|Other Industrial Metals & Mining|8|229492000
NO0003055501|Technology|Semiconductors|1155|190959008
NO0010907090|Industrials|Aerospace & Defense|122|26286900
NO0010946445|Industrials|Airlines||77684304
NO0010941925|Utilities|Utilities—Independent Power Producers|6|74770400
NO0005052605|Basic Materials|Aluminum|34000|2051000064
NO0010969108|Industrials|Aerospace & Defense|90|211896000
NO0010861115|Basic Materials|Paper & Paper Products|2150|94264704
NO0010900087|Communication Services|Telecom Services|44|14416500
NO0010550056|Financial Services|Asset Management|2|117252000
BMG6682J1036|Energy|Oil & Gas Drilling|3|63802400
BMG6624L1090|Energy|Oil & Gas Drilling|1|16133000
NO0010331838|Consumer Defensive|Food Distribution|204|43374700
NO0010196140|Industrials|Airlines|6365|928518016
NO0010984966|Financial Services|Capital Markets||64896700
NO0010379266|Energy|Oil & Gas E&P|27|24110900
PTZON0AM0006|Communication Services|Telecom Services|2284|512159008
FR0010397232|Healthcare|Diagnostics & Research|174|70626200
PTNBA0AM0006|Technology|Information Technology Services|1806|30703400
FR0000185464|Technology|Electronic Components||1010440
NL0012044762|Healthcare|Biotechnology|12|67873600
FR0014001PV6|Consumer Cyclical|Apparel Retail||73618
NO0003679102|Industrials|Railroads|1916|72954000
FR0000121691|Communication Services|Broadcasting|1542|77369400
FR0000064529|Industrials|Specialty Industrial Machinery|382|461427
FR0004065639|Technology|Scientific & Technical Instruments|616|3175360
NL0012365084|Real Estate|REIT—Office|55|19478100
NL0015000D50|Utilities|Utilities—Regulated Water|43|50000000
NO0004895103|Consumer Defensive|Farm Products|1224|125717000
NO0010714785|Healthcare|Biotechnology|87|289619008
BE0974358906|Healthcare|Medical Instruments & Supplies|71|25772400
BE0974294267|Basic Materials|Other Industrial Metals & Mining|9|109873000
FR0013072741|Consumer Defensive|Packaged Foods||1666700
FR0014003711|Communication Services|Advertising Agencies|34|4241630
FR0010330613|Industrials|Building Products & Equipment|394|1441620
NO0010865009|Healthcare|Medical Devices|8|19605500
US6745991058|Energy|Oil & Gas E&P|11800|933980992
NO0010317316|Industrials|Marine Shipping|11|34211300
NO0010887565|Utilities|Utilities—Renewable|7|44986200
NL0010558797|Basic Materials|Specialty Chemicals|3602|209744000
FR0013310281|Technology|Computer Hardware||4054700
BMG671801022|Energy|Oil & Gas Drilling|2916|236783008
NO0003399917|Industrials|Marine Shipping|2300|18756200
NO0003399909|Industrials|Marine Shipping|2300|59871200
LU2355630455|Financial Services|Shell Companies||
FR0000052680|Consumer Defensive|Beverages—Wineries & Distilleries|1085|64214400
NO0010816895|Energy|Oil & Gas E&P|207|103870000
MHY641771016|Industrials|Marine Shipping||32316700
FR0010428771|Consumer Cyclical|Leisure|522|56657400
NO0005638858|Real Estate|Real Estate Services|467|103623000
PTOTP0AM0004|Real Estate|REIT—Diversified||12550000
FR0014003T71|Consumer Defensive|Food Distribution|126|8594380
FR0013266772|Industrials|Specialty Business Services|8|7692940
FR0011766229|Healthcare|Biotechnology|233|6848410
FR0004174712|Consumer Defensive|Education & Training Services|97|1296000
BE0974276082|Consumer Defensive|Household & Personal Products|9022|80902096
NL0015000HT4|Healthcare|Biotechnology|72|0
GB00B9275X97|Healthcare|Biotechnology|179|670929024
FR0010095596|Healthcare|Biotechnology|29|91701000
FR0000133308|Communication Services|Telecom Services|138626|2631970048
BE0003735496|Communication Services|Telecom Services|1389|59940000
NL0000370419|Industrials|Engineering & Construction|10048|62872900
FR0000075392|Basic Materials|Specialty Chemicals|1112|6571120
NL0000440584|Technology|Information Technology Services|2279|93255904
FR0013318052|Technology|Computer Hardware|17|1480560
FR0010609206|Industrials|Waste Management|32|50509500
PTORE0AM0002|Industrials|Marine Shipping|343|11854600
IE00B1WV4493|Consumer Defensive|Farm Products|2641|125596000
ES0105534004|Real Estate|REIT—Hotel & Motel||10932500
NO0003733800|Consumer Defensive|Packaged Foods|18110|995929024
IE00BF0MZF04|Basic Materials|Other Industrial Metals & Mining|7|472507008
FR0000184798|Healthcare|Medical Care Facilities|39957|64581000
FR0012127173|Healthcare|Biotechnology|53|18243600
FR0013231180|Communication Services|Telecom Services|86|2069200
NO0010040611|Communication Services|Advertising Agencies|9|101100000
NO0010809783|Utilities|Utilities—Renewable||114274000
FR0014005HJ9|Technology|Software—Infrastructure|2435|188532992
IE00B4XVDC01|Healthcare|Biotechnology|5|81563800
BE0003846632|Healthcare|Biotechnology|66|38292000
FR0000077992|Technology|Software—Application|88|512000
NO0010564701|Energy|Oil & Gas E&P|25|113384000
FR0013318813|Technology|Semiconductors|562|1977750
FR0010263202|Real Estate|REIT—Diversified|81|1508100
NO0010397581|Financial Services|Banks—Regional|53|69851696
FR0004038263|Technology|Communication Equipment|521|30175000
FR0006823092|Conglomerates|Conglomerates||0
NL0012650535|Basic Materials|Specialty Chemicals||34052900
NO0010895667|Healthcare|Health Information Services|151|198863008
FR0000038465|Consumer Cyclical|Specialty Retail|133|3953540
FR0011027135|Real Estate|REIT—Retail|7|15006400
FR0013479730|Consumer Defensive|Packaged Foods|37|4148140
IL0010830391|Technology|Electronic Components|175|17670800
NL0015000H31|Financial Services|Shell Companies||
FR0000053514|Basic Materials|Chemicals|1079|13741700
NO0010405640|Healthcare|Biotechnology|14|37326400
NL00150009D0|Financial Services|Shell Companies|3|72500000
NL00150009E8|Financial Services|Shell Companies|3|
IE00BWB8X525|Financial Services|Banks—Regional|2255|454695008
FR0000120693|Consumer Defensive|Beverages—Wineries & Distilleries|18306|259756992
FR0000061459|Industrials|Electrical Equipment & Parts|1758|3642620
GG00BPFJTF46|Financial Services|Asset Management||199120992
CY0102630916|Energy|Oil & Gas Equipment & Services|206|59133800
IE00B0Q82B24|Energy|Oil & Gas E&P|32|1070400000
AU0000057408|Energy|Oil & Gas E&P|20|1326989952
FR0000064784|Financial Services|Asset Management||24797600
NO0010840507|Technology|Software—Application|492|103529000
NO0010199151|Energy|Oil & Gas Equipment & Services|862|400665984
FR0012882389|Healthcare|Health Information Services|1100|15020500
BE0974302342|Consumer Cyclical|Internet Retail|57|2889600
NL0010391025|Healthcare|Biotechnology|262|638822016
FR0011191287|Healthcare|Biotechnology|43|71093296
PTPTC0AM0009|Communication Services|Telecom Services|8|821689984
FR0011651694|Healthcare|Biotechnology||5835620
NL0000009538|Healthcare|Medical Devices|78189|879233984
NO0010395577|Industrials|Aerospace & Defense|686|12107900
FR0000185480|Industrials|Specialty Business Services||1125000
BE0948608451|Financial Services|Capital Markets||16247900
NO0010000045|Healthcare|Drug Manufacturers—Specialty & Generic|87|26959900
BE0003807246|Industrials|Specialty Industrial Machinery|6878|17700000
FR0000073041|Consumer Cyclical|Lodging||9790260
NO0010735681|Real Estate|Real Estate Services|2|
FR0000061608|Consumer Cyclical|Leisure|275|8979200
FR0011950641|Healthcare|Medical Instruments & Supplies|28|57146600
FR0000030769|Industrials|Building Products & Equipment||1305670
FR0010211037|Communication Services|Internet Content & Information|21|5611680
FR0010785790|Healthcare|Biotechnology|55|1085240
FR0013252186|Consumer Cyclical|Auto Parts|6245|22090200
FR0000124570|Consumer Cyclical|Auto Parts|21473|145060992
NO0010890726|Technology|Software—Application|140|56588000
NO0010466022|Communication Services|Publishing|1115|48944000
NO0010341712|Technology|Electronic Components|32|10385100
NL0000378669|Consumer Defensive|Household & Personal Products|45|955583
NL0009739416|Industrials|Integrated Freight & Logistics|40541|513252000
FR0000066441|Industrials|Building Products & Equipment|1398|1956520
FR0012432516|Healthcare|Biotechnology|52|28656800
FR0013015583|Consumer Defensive|Packaged Foods|848|5111120
FR0014004EC4|Industrials|Specialty Industrial Machinery|1306|5406410
FR0010169920|Healthcare|Diagnostics & Research|17|3653000
FR0004044600|Communication Services|Advertising Agencies|339|1344610
FR0004052561|Technology|Software—Application|130|135442000
FR0010313486|Technology|Software—Application|1060|7354040
FR0012613610|Industrials|Specialty Industrial Machinery|462|51227100
FR0010380626|Technology|Software—Application|495|89244704
FR0000061376|Real Estate|Real Estate Services||1000000
DE000PSM7770|||8026|
NO0010861990|Energy|Oil & Gas Equipment & Services||8798699520
NL0013654783|Communication Services|Internet Content & Information|23939|2013510016
NO0010209331|Financial Services|Insurance—Specialty||82364600
NO0010893902|Consumer Defensive|Farm Products|45000|39787600
IE00B66B5T26|Energy|Oil & Gas E&P|2|974864000
BE0003810273|Communication Services|Telecom Services|11484|322689984
NL00150005Z1|Industrials|Waste Management||15000000
DE000A2G8ZX8|Industrials|Pollution & Treatment Controls||3253740
FR0000130577|Communication Services|Advertising Agencies|82592|249332000
NO0003103103|Industrials|Infrastructure Operations|351|111244000
BE0974272040|Real Estate|REIT—Retail|6|7346680
FR0000120560|Technology|Software—Application|5127|34338100
ES0105118006|Consumer Cyclical|Packaging & Containers|700|4351270
NO0010785967|Industrials|Waste Management|93|149015008
FR0011648971|Healthcare|Biotechnology|7|27249700
NO0011019119|Technology|Software—Infrastructure||1286750
CA74836K1003|Energy|Oil & Gas E&P||428516000
BE0003730448|Financial Services|Asset Management||16773200
FR0010889386|Communication Services|Advertising Agencies|174|5535660
NO0010859689|Real Estate|Real Estate—Development|31|21694300
PTRIZ0AM0009|Financial Services|Credit Services|11|5000000
GB00BRGBL804|Energy|Oil & Gas E&P|1264|178598000
FR0000060618|Consumer Defensive|Grocery Stores|205000|52598700
PTFRV0AE0004|Basic Materials|Steel|442|25641500
FR0000044471|Healthcare|Medical Care Facilities|32623|110364000
NO0010907389|Basic Materials|Steel|286|37334700
GB00BLG2TX24|Healthcare|Drug Manufacturers—Specialty & Generic|11|44576100
NL0000379121|Industrials|Staffing & Employment Services|40970|183954000
FR0012395457|Real Estate|Real Estate Services|12|6219400
NO0003117202|Energy|Oil & Gas Equipment & Services|103|144579008
BE0003841583|Consumer Defensive|Household & Personal Products|46|643613
NO0010112675|Technology|Semiconductor Equipment & Materials|281|372412000
FR0011858190|Real Estate|Real Estate Services|730|3576760
FR0000120388|Basic Materials|Other Industrial Metals & Mining|66|25862500
BE0003656676|Basic Materials|Specialty Chemicals|5235|55636600
PTRED0AP0010|Technology|Information Technology Services|720|14383500
LU0383812293|Financial Services|Asset Management||184291008
GB00B2B0DG97|Communication Services|Publishing|33000|1934739968
FR0000130395|Consumer Defensive|Beverages—Wineries & Distilleries|1850|49300500
PTREL0AM0008|Utilities|Utilities—Diversified|692|663310016
FR0000131906|Consumer Cyclical|Auto Manufacturers|170158|290174016
GB00BNR4T868|Industrials|Waste Management|6586|80054200
BE0003707214|Consumer Cyclical|Packaging & Containers|957|2005600
BE0003720340|Real Estate|REIT—Retail|36|12665800
FR0010820274|Communication Services|Advertising Agencies|971|49826700
FR0010451203|Industrials|Industrial Distribution|24469|304892992
FR0000075954|Technology|Semiconductor Equipment & Materials|115|21016400
MT0001710103|Technology|Information Technology Services|60|19016700
FR0000039091|Basic Materials|Chemicals|1860|2311680
FR0000045601|Basic Materials|Chemicals|1860|137848
FR0013344173|Consumer Cyclical|Furnishings, Fixtures & Appliances|874|9871720
FR0010523167|Technology|Electronic Components|48|4511860
NO0010808405|||51|
BMG763301022|Real Estate|Real Estate Services|5|41367800
NO0010759988|Financial Services|Financial Conglomerates|44|1964700
NL0000440477|Technology|Semiconductors|94|75072200
BE0003575835|Basic Materials|Agricultural Inputs|221|255000
FR0000031684|Financial Services|Capital Markets|3797|72325904
BE0003741551|Communication Services|Publishing|1268|11638600
FR0000035750|Industrials|Specialty Industrial Machinery||610000
GB00B03MM408|Energy|Oil & Gas Integrated|87000|3586800128
GB00B03MLX29|Energy|Oil & Gas Integrated|87000|4101240064
IE00BYTBXV33|Industrials|Airlines|17000|1133080064
FR0013269123|Utilities|Utilities—Regulated Gas|4104|102398000
PTSCB0AM0001|Consumer Cyclical|Leisure|227|1200000
FR0000121709|Consumer Cyclical|Furnishings, Fixtures & Appliances|33000|55107100
FR0013467123|Healthcare|Medical Instruments & Supplies|134|51317000
FR0000073272|Industrials|Aerospace & Defense|78900|426704000
NO0010572589|Basic Materials|Specialty Chemicals|2|478878016
FR0000125007|Industrials|Building Products & Equipment|167552|521000000
FR0000060121|Consumer Defensive|Packaged Foods|449|3355680
NO0010310956|Consumer Defensive|Farm Products|1763|117698000
NO0010892094|Consumer Defensive|Farm Products|8|310796000
CL0002409135|Consumer Defensive|Farm Products|1900|74492704
FR0000060071|Industrials|Industrial Distribution|5700|3446050
NO0006001007|Financial Services|Banks—Regional|112|20939500
FR0000120578|Healthcare|Drug Manufacturers—General|99412|1255289984
FR0014006T94|Healthcare|Drug Manufacturers - Major|99412|
FR0010776617|Consumer Defensive|Packaged Foods|417|3498600
FR0013154002|Healthcare|Medical Instruments & Supplies|9619|92178800
NO0010863285|Consumer Cyclical|Leisure|1581|171335008
SE0003366871|Industrials|Airlines|6214|7266039808
FR0000120107|Consumer Defensive|Packaged Foods|21021|13685900
FR0013155975|Consumer Defensive|Household & Personal Products||225500
NO0010739402|Financial Services|Banks—Regional|323|106869000
NL0000360618|Energy|Oil & Gas Equipment & Services|4437|176650000
FR0004175222|Healthcare|Medical Care Facilities|90|1862860
NO0003053308|Industrials|Industrial Distribution|94|107505000
NO0010715139|Utilities|Utilities—Renewable|500|158820000
FR0006239109|Real Estate|REIT—Diversified|4|11889700
FR0010972091|Industrials|Specialty Business Services|1|1051730
BE0012378593|Basic Materials|Building Materials|224|40000
NO0003028904|Communication Services|Publishing||104460000
NO0010736879|Communication Services|Publishing||129477000
AN8068571086|Energy|Oil & Gas Equipment & Services|86000|1402630016
FR0000121972|Industrials|Specialty Industrial Machinery|135000|556577024
ES0105592002|Consumer Defensive|Education & Training Services||
FR0010961920|Consumer Defensive|Household & Personal Products||
FR0010411983|Financial Services|Insurance—Reinsurance|2945|180688000
CY0101550917|Energy|Oil & Gas Equipment & Services|2|524483008
CY0101162119|Energy|Oil & Gas Equipment & Services|103|33946600
NO0010893803|Energy|Oil & Gas Equipment & Services|32|436563008
BMG7998G1069|Energy|Oil & Gas Drilling|3175|100384000
FR0000039109|Industrials|Waste Management|4600|7800450
GB00B5ZN1N88|Real Estate|REIT—Industrial|355|1202450048
IT0005353484|Communication Services|Publishing|140|22611300
FR0004175842|Real Estate|REIT—Retail||4168420
NO0010781206|Industrials|Specialty Business Services|67|94678600
NO0010612450|Real Estate|Real Estate Services|86|93467000
PTSEM0AM0004|Basic Materials|Paper & Paper Products|5842|79869400
FR0012596468|Healthcare|Biotechnology|34|79674800
NL0010623518|Energy|Oil & Gas E&P|5|208552992
BE0974340722|Healthcare|Medical Devices|50|18576300
FR0011950682|Industrials|Building Products & Equipment|1194|12033800
FR0000073728|Industrials|Consulting Services|1177|1150540
LU0088087324|Communication Services|Broadcasting|2095|556758016
FR0010282822|Technology|Electronic Components|500|15750900
FR0013006558|Consumer Cyclical|Internet Retail|1102|118498000
KYG236271055|Energy|Oil & Gas Drilling|2149|137116000
FR0010202606|Technology|Software—Application|245|1436090
LU1883301340|Real Estate|Real Estate Services|751|88831904
KYG812291253|Energy|Oil & Gas Midstream|1042|238852000
NL0011660485|Industrials|Metal Fabrication|388|25501400
DE0007236101|||303000|799310016
FR0000060790|Industrials|Railroads|816|1022550
NL0011821392|Industrials|Electrical Equipment & Parts|37069|124007000
FR0000074122|Technology|Information Technology Services|9348|19257500
FR0010679365|Consumer Defensive|Education & Training Services||
NO0010881717|Technology|Information Technology Services|300|18803900
BE0003898187|Consumer Defensive|Farm Products|21000|10569100
NO0010931207|Utilities|Utilities—Renewable|35|16450600
NO0010781560|Technology|Software—Application|42|88025696
NO0006001809|Financial Services|Banks—Regional|88|2092260
NL0000817179|Consumer Defensive|Food Distribution|4116|44143400
FR0011131788|Consumer Cyclical|Apparel Manufacturing|118|0
NO0011008971|Technology|Software—Application|180|171500000
NO0011012502|Technology|Software—Infrastructure|66|96286600
BE0974323553|Consumer Cyclical|Leisure|248|3748820
FR0013214145|Consumer Cyclical|Apparel Retail|5816|74642896
FR0004016699|Industrials|Infrastructure Operations|60|5837500
IE00B1RR8406|Consumer Cyclical|Packaging & Containers|46000|259034000
NL0010627865|Consumer Cyclical|Leisure|351|3946740
FR0010209809|Consumer Cyclical|Resorts & Casinos|134|5092470
FR0000130809|Financial Services|Banks—Regional|133000|830923008
FR0000121220|Industrials|Specialty Business Services|301236|146344000
FR0000078321|Industrials|Engineering & Construction|51|2480280
BE0003717312|Financial Services|Asset Management|55|33705700
BE0003773877|Real Estate|Real Estate Services|5|3952490
NO0010811961|Healthcare|Biotechnology|23|10342900
FR0000065864|Industrials|Aerospace & Defense|1158|3059970
NO0006000603|Financial Services|Banks—Regional|36|632500
FR0013227113|Technology|Semiconductor Equipment & Materials|1582|34892700
FR00140006O9|Communication Services|Advertising Agencies|2813|131683000
NO0003106700|Real Estate|Real Estate—Development|49|81329200
NO0003080608|Energy|Oil & Gas Equipment & Services|3600|75608496
FR0013379484|Technology|Information Technology Services|7311|107056000
BE0003545531|Basic Materials|Chemicals||21375000
BE0003470755|Basic Materials|Chemicals|23000|103224000
FR0013199916|Consumer Cyclical|Furnishings, Fixtures & Appliances|7021|34438900
PTSON0AM0001|Consumer Cyclical|Department Stores|34952|1910240000
PTSNC0AM0006|Technology|Information Technology Services|927|305768992
PTSNG0AM0007|Real Estate|Real Estate Services|17|10000000
NO0010927288|Consumer Defensive|Education & Training Services|284|36000000
FR0000050809|Technology|Information Technology Services|46129|20204900
FR0011277391|Real Estate|REIT—Office|1|201255008
NO0010887110|Financial Services|Banks—Regional|58|2967990
BE0003798155|Consumer Defensive|Beverages—Non-Alcoholic|1305|4150350
NO0006390301|Financial Services|Banks—Regional|1529|129836000
NO0010631567|Financial Services|Banks—Regional|1483|255708000
NO0006000207|Financial Services|Banks—Regional|539|118501000
NO0006390004|Financial Services|Banks—Regional|361|9864840
NO0006001502|Financial Services|Banks—Regional|452|15513900
NO0006000900|Financial Services|Banks—Regional|765|107138000
FR00140043Y1|Consumer Cyclical|Internet Retail|396|18144300
NO0006222009|Financial Services|Banks—Regional|184|20731200
NO0010691660|Financial Services|Banks—Regional|131|9061840
NO0010029804|Financial Services|Banks—Regional|143|26998600
NO0010751910|Financial Services|Banks—Regional|1135|115830000
NO0006390400|Financial Services|Banks—Regional|227|15650400
NO0006000801|Financial Services|Banks—Regional|831|100400000
NO0010285562|Financial Services|Banks—Regional|211|12386500
FR0000054371|Consumer Defensive|Food Distribution||1710520
FR0012757854|Industrials|Engineering & Construction|45851|162655008
FR0011464452|Healthcare|Medical Devices|14|28183400
FR0011398874|Healthcare|Medical Devices|26|15161499648
NL0015000NM7|Financial Services|Shell Companies||103175000
PTSCP0AM0001|Consumer Cyclical|Leisure|531|67000000
NO0010775844|Consumer Defensive|Farm Products|3|166112992
FR0000054199|Consumer Cyclical|Luxury Goods|168|524280000
FR0000064271|Industrials|Integrated Freight & Logistics|18895|12387600
FR0011289040|Technology|Information Technology Services|2015|4566520
NL00150001Q9|Consumer Cyclical|Auto Manufacturers|204000|3132620032
NL0000336303|Consumer Cyclical|Auto & Truck Dealerships|1500|5675000
NL0000226223|Technology|Semiconductors|46016|906376000
NO0003053605|Financial Services|Financial Conglomerates||470135008
BMG850801025|Industrials|Marine Shipping|6402|53523800
FR0000074775|Real Estate|Real Estate Services|137|3439760
FR0000063976|Consumer Cyclical|Auto Parts||
FR0010528059|Technology|Software—Application|200|3045790
NO0010098247|Industrials|Business Equipment & Supplies|402|43773900
LU0075646355|Energy|Oil & Gas Equipment & Services||295465984
FR0010613471|Utilities|Utilities—Regulated Water||639532032
GB00B8GJBS16|Basic Materials|Other Industrial Metals & Mining|5|31000000
NO0010672900|Financial Services|Banks—Regional|27|2107140
FR0004180578|Technology|Software—Application|1287|9540550
US8730483000|Technology|Software—Application|67|20639400
FR0000032658|Industrials|Staffing & Employment Services|4332|23987800
FR0004188670|Industrials|Building Products & Equipment|12384|65302700
NO0010689326|Healthcare|Biotechnology|22|188327008
FR0000063307|Real Estate|Real Estate Services||9138460
FR0000033466|Industrials|Aerospace & Defense||1000000
NL0014559478|Energy|Oil & Gas Equipment & Services|15000|178026000
FR0013505062|Communication Services|Entertainment|11228|235824000
NO0003095309|Technology|Software—Application|354|209628000
GB00BDSFG982|Energy|Oil & Gas Equipment & Services|20000|450700000
NO0010887516|Industrials|Specialty Industrial Machinery|23|140370000
PTTD10AM0000|Industrials|Engineering & Construction|9529|420000000
NO0010951577|Basic Materials|Specialty Chemicals|200|125227000
IT0003497168|Communication Services|Telecom Services|52177|15174899712
ES0178430E18|Communication Services|Telecom Services|108868|5701490176
BE0003826436|Communication Services|Telecom Services|3000|113842000
NO0010063308|Communication Services|Telecom Services|18000|1399459968
FR0000051807|Industrials|Specialty Business Services|380000|58733100
FR0011076595|Communication Services|Broadcasting|3|
CH0008175645|Industrials|Engineering & Construction|180|1400000
BE0003573814|Consumer Defensive|Packaged Foods|2650|1767280
BE0003555639|Basic Materials|Agricultural Inputs|4793|43023000
BE0974263924|Industrials|Conglomerates||3666560
GG00B1RMC548|Financial Services|Asset Management||89400000
FR0000054900|Communication Services|Broadcasting|3156|210486000
FR0013295789|Consumer Cyclical|Packaging & Containers||21680000
NO0003078800|Energy|Oil & Gas Equipment & Services|462|116107000
FR0000121329|Industrials|Aerospace & Defense|75735|212956992
NL00150001S5|Consumer Defensive|Packaged Foods|93|67740200
FR0011053636|Communication Services|Advertising Agencies|161|43688700
PTPTI0AM0006|Basic Materials|Paper & Paper Products||711182976
FR0010120402|Healthcare|Medical Devices|30|22747500
FR0013286259|Healthcare|Biotechnology|18|4936860
FR0004197747|Healthcare|Medical Devices|59|13021100
BE0974387194|Healthcare|Biotechnology|6|3223940
FR0013333432|Industrials|Industrial Distribution|684|9199650
VGG885761061|Consumer Cyclical|Resorts & Casinos|457|30914100
NL0010389508|Technology|Software—Application|104|1678720
FI0009000277|Technology|Information Technology Services|23860|118418000
FR0013230612|Financial Services|Asset Management|629|172346000
BE0974282148|Financial Services|Asset Management||36363600
FR0000066482|Consumer Defensive|Packaged Foods|960|876445
IT0004513666|Communication Services|Telecom Services|472|5751770112
BE0974338700|Basic Materials|Building Materials|5500|76828304
FR0000060949|Industrials|Specialty Industrial Machinery|586|1101920
NL0000852523|Technology|Communication Equipment|5647|41041600
NL0013332471|Technology|Software—Application|4477|126912000
NO0005668905|Industrials|Waste Management|4300|147730000
FR0011668821|Consumer Cyclical|Restaurants|18|3487080
FR00140062B9|Industrials|Rental & Leasing Services|10|
FR0000120271|Energy|Oil & Gas Integrated|105476|2608699904
GA0000121459|Energy|Oil & Gas E&P|268|4500000
NO0006001205|Financial Services|Banks—Regional|89|6124530
FR0000036816|Real Estate|REIT—Office|52|16573500
FR0000033003|Industrials|Rental & Leasing Services|246|6924030
FR0010621722|Consumer Defensive|Discount Stores|13|7811420
PTSCT0AP0018|Consumer Cyclical|Auto Manufacturers|1544|35000000
FR0000031866|Financial Services|Asset Management||9150
FR00140039U7|Financial Services|Shell Companies||
FR0005175080|Healthcare|Biotechnology|133|83841296
NO0010763550|Financial Services|Asset Management||207835008
FR0005691656|Consumer Cyclical|Recreational Vehicles|7636|19228500
FR0010397901|Industrials|Business Equipment & Supplies|181|3472380
FR0004175099|Technology|Semiconductor Equipment & Materials|102|9046490
FR0000031106|Consumer Cyclical|Specialty Retail|108|672600
FR0010383877|Technology|Software—Application|56|7840100
BE0003823409|Healthcare|Biotechnology||44476600
NO0010731615|Financial Services|Banks—Regional|18|1514480
GB0001500809|Energy|Oil & Gas E&P|730|1432009984
FR0010654087|Technology|Communication Equipment|51|1226590
FR0000079147|Consumer Cyclical|Furnishings, Fixtures & Appliances|312|17087400
FR0000054470|Communication Services|Electronic Gaming & Multimedia|20754|123339000
BE0003838555|Healthcare|Medical Care Facilities||612500
FR0011070457|Industrials|Rental & Leasing Services|100|1595990
NO0010851603|Healthcare|Biotechnology|21|34221800
BE0003739530|Healthcare|Biotechnology|7600|188812000
FR0011776889|Industrials|Staffing & Employment Services||1071220
FR0013263878|Technology|Information Technology Services|2465|18035000
NL0015000IY2|Communication Services|Entertainment|9370|1813240064
BE0974320526|Industrials|Pollution & Treatment Controls|10999|240576000
FR0005783503|Industrials|Tools & Accessories||162000
FR0013326246|Real Estate|REIT—Retail|2999|138594000
FR0000054215|Consumer Defensive|Packaged Foods|12510|2096120
BE0974371032|Technology|Software—Application|1306|33449600
GB00B10RZP78|Consumer Defensive|Household & Personal Products|148949|2566269952
FR0000034548|Financial Services|Asset Management|1260|16212900
US9078181081|Industrials|Railroads|29989|
IE00BJ5FQX74|Healthcare|Medical Care Facilities|3200|273015008
FR0000074197|Technology|Information Technology Services|186|8741420
FR0012709160|Consumer Cyclical|Residential Construction|30|12401300
FR0010337865|Consumer Cyclical|Specialty Retail|296|4658740
FR0011898584|Industrials|Pollution & Treatment Controls|46|2575250
PTVAA0AM0019|Consumer Cyclical|Furnishings, Fixtures & Appliances|2460|167650000
NL0000302636|Financial Services|Banks—Regional|1588|40671800
FR0013254851|Healthcare|Biotechnology|35|9689690
FR0013176526|Consumer Cyclical|Auto Parts|110300|241678000
FR0013506730|Basic Materials|Steel|17000|228740992
FR0004056851|Healthcare|Biotechnology|700|104954000
NL0010661864|Financial Services|Asset Management|748|9730390
NL0015118803|Financial Services|Asset Management|748|9933760
NL0015000G40|Financial Services|Shell Companies||22500000
BE0003839561|Consumer Cyclical|Apparel Manufacturing|1500|13128500
NL0000288918|Real Estate|REIT—Retail|29|17152000
BE0003754687|Real Estate|REIT—Retail|4|5078520
NO0005806802|Industrials|Engineering & Construction|7892|134956000
FR0010766667|Consumer Cyclical|Furnishings, Fixtures & Appliances|143|9493590
FR0000124141|Industrials|Waste Management|171450|687310016
BMG9349W1038|Communication Services|Telecom Services|43639|1749129984
FR0004155240|Utilities|Utilities—Independent Power Producers|200|72364096
FR0013447729|Consumer Cyclical|Packaging & Containers|10000|116740000
FR0010291245|Technology|Software—Infrastructure|272|85444600
US92343V1044|Communication Services|Telecom Services|118500|4197760000
FR0006174496|Industrials|Aerospace & Defense|76|543301
FR0004186856|Healthcare|Drug Manufacturers—Specialty & Generic|2525|11828700
BE0003878957|Real Estate|Real Estate Services|300|21833000
FR0010326090|Consumer Cyclical|Specialty Retail||395922
FR0000031775|Basic Materials|Building Materials|9372|44192500
FR0000050049|Financial Services|Capital Markets|2374|65320600
FR0000052516|Consumer Defensive|Farm Products|6918|22909600
FR0000125486|Industrials|Engineering & Construction|219400|567976000
BE0974271034|Industrials|Metal Fabrication|9402|259190000
FR0000031577|Healthcare|Drug Manufacturers—General|4907|8451380
FR0004029478|Technology|Software—Application|1057|4327500
FR0010033480|Industrials|Specialty Industrial Machinery||1100000
FR0000065765|Healthcare|Health Information Services|52|4495000
FR0013481835|Healthcare|Medical Instruments & Supplies|24|138084000
NO0010734122|Healthcare|Drug Manufacturers—Specialty & Generic|67|44344600
FR0010309096|Real Estate|REIT—Office|4|16815600
NL00150002Q7|Healthcare|Biotechnology|18|20020500
FR0000127771|Communication Services|Broadcasting|42800|1045400000
FR0011532225|Technology|Software—Application|53|4065300
DE0007664005|Consumer Cyclical|Auto Manufacturers|645318|295089984
DE0007664039|Consumer Cyclical|Auto Manufacturers|645318|206204992
FR0011995588|Utilities|Utilities—Renewable|1229|95244000
GG00B1GHHH78|Financial Services|Asset Management||36580600
NO0010894603|Technology|Software—Application|700|143644992
NL0009432491|Energy|Oil & Gas Equipment & Services|3713|125433000
NO0003025009|Financial Services|Banks—Regional||2203720
NO0011037483|Industrials|Waste Management||164894000
NO0010708068|Industrials|Pollution & Treatment Controls|128|114640000
FR0004045847|Consumer Cyclical|Travel Services|1333|3689550
FR0000062796|Consumer Defensive|Beverages—Wineries & Distilleries|743|8877610
NO0010571680|Industrials|Integrated Freight & Logistics|8665|422404000
FR0012532810|Industrials|Specialty Industrial Machinery|50|144794
FR0010131409|Technology|Software—Infrastructure|208|5880740
BE0003734481|Real Estate|REIT—Diversified|1|3166340
FR0013357621|Technology|Information Technology Services|3476|19938800
BE0974349814|Real Estate|REIT—Industrial|82|184772000
FR0013079092|Technology|Consumer Electronics|87|2745170
FR0010688465|Communication Services|Telecom Services||895753
NO0010609662|Technology|Information Technology Services|470|27268500
FR0010688440|Technology|Software—Application|81|855933
FR0000121204|Financial Services|Asset Management|88344|43665100
NL0000289213|Real Estate|REIT—Retail|148|40124700
BE0003724383|Real Estate|REIT—Retail||8692060
NO0010768096|Industrials|Marine Shipping|104|33229700
FR0010768770|Utilities|Utilities—Diversified||
ES0105399002|Real Estate|Real Estate Services|3|5606470
BE0974401334|Industrials|Specialty Business Services||30035
NO0010571698|Industrials|Marine Shipping|15113|34000000
NO0010576010|Industrials|Marine Shipping|15113|10580000
NO0010252356|Industrials|Marine Shipping|145|43860200
FR0014000P11|Industrials|Farm & Heavy Construction Machinery||2001700
FR0013143872|Communication Services|Internet Content & Information|124|4084880
FR00140047H7|Industrials|Rental & Leasing Services||500000
BE0003600112|Real Estate|Real Estate—Development||103000
BE0003571792|Consumer Cyclical|Department Stores||103000
NL0000395903|Industrials|Specialty Business Services|18670|257596000
FR0011981968|Technology|Software—Infrastructure|20275|280156992
BE0974310428|Technology|Semiconductors|4000|130632000
FR0004034072|Communication Services|Entertainment|160|4852470
BE0974288202|Real Estate|REIT—Diversified|200|25255700
NO0010895782|Consumer Cyclical|Internet Retail|90|39783800
NO0010716863|Consumer Cyclical|Specialty Retail|5363|243967008
JE00B1FBT077|Financial Services|Shell Companies||283832
NO0010208051|Basic Materials|Agricultural Inputs|15552|254726000
IE00BDT5KP12|||8|75000000
NO0010708910|Industrials|Staffing & Employment Services|773|21734400
NO0010713936|Consumer Cyclical|Auto Parts|80|76341000
ZM0000000037|Basic Materials|Other Industrial Metals & Mining|962|63873600
CA98936C1068|Energy|Oil & Gas E&P|59|1684390016
NO0010721277|Technology|Software—Infrastructure|27|36982700
BE0003809267|Real Estate|Real Estate Services||61973
NO0010934748|Technology|Software—Application|164|94398496
